Group,Card,Number,Variant / Stamp,Source & Distribution,Status,Have,Image,Price Estimate
Base set,,,,,,,,
,Blazing Scorcher,001/298,Regular,Common · Unit · Official Card Gallery,,0,https://cmsassets.rgpub.io/sanity/images/dsfx7636/game_data_live/15ed971e4029a92b362a81ccadf309fb81e40b81-744x1039.png,
,Blazing Scorcher,001/298,Foil,Common · Unit · Official Card Gallery,,0,https://cmsassets.rgpub.io/sanity/images/dsfx7636/game_data_live/15ed971e4029a92b362a81ccadf309fb81e40b81-744x1039.png,
,Brazen Buccaneer,002/298,Regular,Common · Unit · Official Card Gallery,,0,https://cmsassets.rgpub.io/sanity/images/dsfx7636/game_data_live/d481971f7560e7235e7d6934767da18daa019eff-744x1039.png,
,Brazen Buccaneer,002/298,Foil,Common · Unit · Official Card Gallery,,0,https://cmsassets.rgpub.io/sanity/images/dsfx7636/game_data_live/d481971f7560e7235e7d6934767da18daa019eff-744x1039.png,
,Chemtech Enforcer,003/298,Regular,Common · Unit · Official Card Gallery,,0,https://cmsassets.rgpub.io/sanity/images/dsfx7636/game_data_live/19dcf211457d9c9c6e9ea0cd32af76c2c92a3160-744x1039.png,
,Chemtech Enforcer,003/298,Foil,Common · Unit · Official Card Gallery,,0,https://cmsassets.rgpub.io/sanity/images/dsfx7636/game_data_live/19dcf211457d9c9c6e9ea0cd32af76c2c92a3160-744x1039.png,
,Cleave,004/298,Regular,Common · Spell · Official Card Gallery,,0,https://cmsassets.rgpub.io/sanity/images/dsfx7636/game_data_live/95d476a1e88ff547fb846149619177bc7e3cea9f-744x1039.png,
,Cleave,004/298,Foil,Common · Spell · Official Card Gallery,,0,https://cmsassets.rgpub.io/sanity/images/dsfx7636/game_data_live/95d476a1e88ff547fb846149619177bc7e3cea9f-744x1039.png,
,Disintegrate,005/298,Regular,Common · Spell · Official Card Gallery,,1,https://cmsassets.rgpub.io/sanity/images/dsfx7636/game_data_live/a27374ac3a81f3dfefb43c3c3237c23b4883cb5a-744x1039.png,
,Disintegrate,005/298,Foil,Common · Spell · Official Card Gallery,,0,https://cmsassets.rgpub.io/sanity/images/dsfx7636/game_data_live/a27374ac3a81f3dfefb43c3c3237c23b4883cb5a-744x1039.png,
,Flame Chompers,006/298,Regular,Common · Unit · Official Card Gallery,,0,https://cmsassets.rgpub.io/sanity/images/dsfx7636/game_data_live/1f6f5ebd18e5daac30d62626fddd785c4b457c2b-744x1039.png,
,Flame Chompers,006/298,Foil,Common · Unit · Official Card Gallery,,0,https://cmsassets.rgpub.io/sanity/images/dsfx7636/game_data_live/1f6f5ebd18e5daac30d62626fddd785c4b457c2b-744x1039.png,
,Fury Rune,007/298,Regular,Common · Rune · Official Card Gallery,,0,https://cmsassets.rgpub.io/sanity/images/dsfx7636/game_data_live/12bcd0cde5d9ff4640e82945001e9fef863530f1-744x1039.png,
,Fury Rune,007/298,Foil,Common · Rune · Official Card Gallery,,0,https://cmsassets.rgpub.io/sanity/images/dsfx7636/game_data_live/12bcd0cde5d9ff4640e82945001e9fef863530f1-744x1039.png,
,Fury Rune,007a/298,Alternate art,Showcase · Rune · Official Card Gallery,,0,https://cmsassets.rgpub.io/sanity/images/dsfx7636/game_data_live/09da06c69d07d4e72dde703737ef167472c715af-1488x2078.png,
,Get Excited!,008/298,Regular,Common · Spell · Official Card Gallery,,0,https://cmsassets.rgpub.io/sanity/images/dsfx7636/game_data_live/2906c932c482af17fbb2979a8c42a6992f95d6a6-744x1039.png,
,Get Excited!,008/298,Foil,Common · Spell · Official Card Gallery,,0,https://cmsassets.rgpub.io/sanity/images/dsfx7636/game_data_live/2906c932c482af17fbb2979a8c42a6992f95d6a6-744x1039.png,
,Hextech Ray,009/298,Regular,Common · Spell · Official Card Gallery,,0,https://cmsassets.rgpub.io/sanity/images/dsfx7636/game_data_live/1e7d12693822c38377ddc8f15db23e2f9b6d560a-744x1039.png,
,Hextech Ray,009/298,Foil,Common · Spell · Official Card Gallery,,0,https://cmsassets.rgpub.io/sanity/images/dsfx7636/game_data_live/1e7d12693822c38377ddc8f15db23e2f9b6d560a-744x1039.png,
,Legion Rearguard,010/298,Regular,Common · Unit · Official Card Gallery,,0,https://cmsassets.rgpub.io/sanity/images/dsfx7636/game_data_live/aedece01c7792c689050460db1670e6b9b15b61f-744x1039.png,
,Legion Rearguard,010/298,Foil,Common · Unit · Official Card Gallery,,0,https://cmsassets.rgpub.io/sanity/images/dsfx7636/game_data_live/aedece01c7792c689050460db1670e6b9b15b61f-744x1039.png,
,Magma Wurm,011/298,Regular,Common · Unit · Official Card Gallery,,0,https://cmsassets.rgpub.io/sanity/images/dsfx7636/game_data_live/f6565b15f65f538804e6a56623c8aa2eedeffc22-744x1039.png,
,Magma Wurm,011/298,Foil,Common · Unit · Official Card Gallery,,0,https://cmsassets.rgpub.io/sanity/images/dsfx7636/game_data_live/f6565b15f65f538804e6a56623c8aa2eedeffc22-744x1039.png,
,Noxus Hopeful,012/298,Regular,Common · Unit · Official Card Gallery,,0,https://cmsassets.rgpub.io/sanity/images/dsfx7636/game_data_live/c3bb6f4cb58feeb50e396d12ec9865c5434025af-744x1039.png,
,Noxus Hopeful,012/298,Foil,Common · Unit · Official Card Gallery,,0,https://cmsassets.rgpub.io/sanity/images/dsfx7636/game_data_live/c3bb6f4cb58feeb50e396d12ec9865c5434025af-744x1039.png,
,Pouty Poro,013/298,Regular,Common · Unit · Official Card Gallery,,0,https://cmsassets.rgpub.io/sanity/images/dsfx7636/game_data_live/d541bf3bcb5aa3ad0d48d87f5753569b72ac426f-744x1039.png,
,Pouty Poro,013/298,Foil,Common · Unit · Official Card Gallery,,0,https://cmsassets.rgpub.io/sanity/images/dsfx7636/game_data_live/d541bf3bcb5aa3ad0d48d87f5753569b72ac426f-744x1039.png,
,Sky Splitter,014/298,Regular,Common · Spell · Official Card Gallery,,0,https://cmsassets.rgpub.io/sanity/images/dsfx7636/game_data_live/01faae468720dd5bf5e3fe12ba56c01af70263be-744x1039.png,
,Sky Splitter,014/298,Foil,Common · Spell · Official Card Gallery,,0,https://cmsassets.rgpub.io/sanity/images/dsfx7636/game_data_live/01faae468720dd5bf5e3fe12ba56c01af70263be-744x1039.png,
,Captain Farron,015/298,Regular,Uncommon · Unit · Official Card Gallery,,0,https://cmsassets.rgpub.io/sanity/images/dsfx7636/game_data_live/4c65e2cae6748590f589ad8b26bc5a20c0d770c2-744x1039.png,
,Captain Farron,015/298,Foil,Uncommon · Unit · Official Card Gallery,,0,https://cmsassets.rgpub.io/sanity/images/dsfx7636/game_data_live/4c65e2cae6748590f589ad8b26bc5a20c0d770c2-744x1039.png,
,Dangerous Duo,016/298,Regular,Uncommon · Unit · Official Card Gallery,,0,https://cmsassets.rgpub.io/sanity/images/dsfx7636/game_data_live/3c02ea9e438d407c739276b788e015ac93843651-744x1039.png,
,Dangerous Duo,016/298,Foil,Uncommon · Unit · Official Card Gallery,,0,https://cmsassets.rgpub.io/sanity/images/dsfx7636/game_data_live/3c02ea9e438d407c739276b788e015ac93843651-744x1039.png,
,Iron Ballista,017/298,Regular,Uncommon · Gear · Official Card Gallery,,0,https://cmsassets.rgpub.io/sanity/images/dsfx7636/game_data_live/9b5cfe757b6067994e17e284eba46433880a1461-744x1039.png,
,Iron Ballista,017/298,Foil,Uncommon · Gear · Official Card Gallery,,0,https://cmsassets.rgpub.io/sanity/images/dsfx7636/game_data_live/9b5cfe757b6067994e17e284eba46433880a1461-744x1039.png,
,Noxus Saboteur,018/298,Regular,Uncommon · Unit · Official Card Gallery,,0,https://cmsassets.rgpub.io/sanity/images/dsfx7636/game_data_live/b78f0c822cb984db24ac3f1956cc8c10f8f88b22-744x1039.png,
,Noxus Saboteur,018/298,Foil,Uncommon · Unit · Official Card Gallery,,0,https://cmsassets.rgpub.io/sanity/images/dsfx7636/game_data_live/b78f0c822cb984db24ac3f1956cc8c10f8f88b22-744x1039.png,
,Raging Soul,019/298,Regular,Uncommon · Unit · Official Card Gallery,,0,https://cmsassets.rgpub.io/sanity/images/dsfx7636/game_data_live/037647d0decc94ff4a5d53b11cf36afe9d849533-744x1039.png,
,Raging Soul,019/298,Foil,Uncommon · Unit · Official Card Gallery,,0,https://cmsassets.rgpub.io/sanity/images/dsfx7636/game_data_live/037647d0decc94ff4a5d53b11cf36afe9d849533-744x1039.png,
,Scrapyard Champion,020/298,Regular,Uncommon · Unit · Official Card Gallery,,0,https://cmsassets.rgpub.io/sanity/images/dsfx7636/game_data_live/10f096d2b469fd73329386e5efe88c9bec667d7c-744x1039.png,
,Scrapyard Champion,020/298,Foil,Uncommon · Unit · Official Card Gallery,,0,https://cmsassets.rgpub.io/sanity/images/dsfx7636/game_data_live/10f096d2b469fd73329386e5efe88c9bec667d7c-744x1039.png,
,Sun Disc,021/298,Regular,Uncommon · Gear · Official Card Gallery,,0,https://cmsassets.rgpub.io/sanity/images/dsfx7636/game_data_live/146d7514f15e6674f471f3aa9c3fadf22c0b634b-744x1039.png,
,Sun Disc,021/298,Foil,Uncommon · Gear · Official Card Gallery,,0,https://cmsassets.rgpub.io/sanity/images/dsfx7636/game_data_live/146d7514f15e6674f471f3aa9c3fadf22c0b634b-744x1039.png,
,Thermo Beam,022/298,Regular,Uncommon · Spell · Official Card Gallery,,0,https://cmsassets.rgpub.io/sanity/images/dsfx7636/game_data_live/88661e852b864491e6d7f5f087caf4263f61c361-744x1039.png,
,Thermo Beam,022/298,Foil,Uncommon · Spell · Official Card Gallery,,0,https://cmsassets.rgpub.io/sanity/images/dsfx7636/game_data_live/88661e852b864491e6d7f5f087caf4263f61c361-744x1039.png,
,Unlicensed Armory,023/298,Regular,Uncommon · Gear · Official Card Gallery,,0,https://cmsassets.rgpub.io/sanity/images/dsfx7636/game_data_live/1a80bedd893d9024fc90f108da36b4fd1d496ad6-744x1039.png,
,Unlicensed Armory,023/298,Foil,Uncommon · Gear · Official Card Gallery,,0,https://cmsassets.rgpub.io/sanity/images/dsfx7636/game_data_live/1a80bedd893d9024fc90f108da36b4fd1d496ad6-744x1039.png,
,Void Seeker,024/298,Regular,Uncommon · Spell · Official Card Gallery,,0,https://cmsassets.rgpub.io/sanity/images/dsfx7636/game_data_live/5b64b63c6be58ff3c33c7fb3c2dcb168d64e287e-744x1039.png,
,Void Seeker,024/298,Foil,Uncommon · Spell · Official Card Gallery,,0,https://cmsassets.rgpub.io/sanity/images/dsfx7636/game_data_live/5b64b63c6be58ff3c33c7fb3c2dcb168d64e287e-744x1039.png,
,Blind Fury,025/298,Regular,Rare · Spell · Official Card Gallery,,0,https://cmsassets.rgpub.io/sanity/images/dsfx7636/game_data_live/d74ba4998df9348408f1400090a0b0737c675fbd-744x1039.png,
,Brynhir Thundersong,026/298,Regular,Rare · Unit · Official Card Gallery,,0,https://cmsassets.rgpub.io/sanity/images/dsfx7636/game_data_live/44e805aa0f2928acf1156eef692403df319b333a-744x1039.png,
,"Darius, Trifarian",027/298,Regular,Rare · Unit · Official Card Gallery,,0,https://cmsassets.rgpub.io/sanity/images/dsfx7636/game_data_live/bf7a4900fd2296972c1305a4707c23860bb0522e-744x1039.png,
,"Darius, Trifarian",027a/298,Alternate art,Showcase · Unit · Official Card Gallery,,0,https://cmsassets.rgpub.io/sanity/images/dsfx7636/game_data_live/df878ecc25160bb7e53b254a609ec243e133e8f1-744x1039.png,
,"Draven, Showboat",028/298,Regular,Rare · Unit · Official Card Gallery,,0,https://cmsassets.rgpub.io/sanity/images/dsfx7636/game_data_live/7600d6cea66e8146ea2202f72cb9035cb44608a3-744x1039.png,
,Falling Star,029/298,Regular,Rare · Spell · Official Card Gallery,,0,https://cmsassets.rgpub.io/sanity/images/dsfx7636/game_data_live/9cf2d2e59e1bf839cdf5c2a77e95f5d1e871788f-744x1039.png,
,"Jinx, Demolitionist",030/298,Regular,Rare · Unit · Official Card Gallery,,0,https://cmsassets.rgpub.io/sanity/images/dsfx7636/game_data_live/d6cac988aa7798945e550eba6841d3993868c4a4-744x1039.png,
,"Jinx, Demolitionist",030a/298,Alternate art,Showcase · Unit · Official Card Gallery,,0,https://cmsassets.rgpub.io/sanity/images/dsfx7636/game_data_live/60ff1aec7ecb1b11ff89fdb620c6182897a8b402-744x1039.png,
,Raging Firebrand,031/298,Regular,Rare · Unit · Official Card Gallery,,0,https://cmsassets.rgpub.io/sanity/images/dsfx7636/game_data_live/9566fc064c098bd7f3540f3074dc6353c7ca5663-744x1039.png,
,Ravenborn Tome,032/298,Regular,Rare · Gear · Official Card Gallery,,0,https://cmsassets.rgpub.io/sanity/images/dsfx7636/game_data_live/81f968126026635e5b9a2fa1048fc979fcd13a1d-744x1039.png,
,Shakedown,033/298,Regular,Rare · Spell · Official Card Gallery,,0,https://cmsassets.rgpub.io/sanity/images/dsfx7636/game_data_live/ab71d92c94bf609e2fa6efc8fec06fe1e8b10108-744x1039.png,
,"Tryndamere, Barbarian",034/298,Regular,Rare · Unit · Official Card Gallery,,0,https://cmsassets.rgpub.io/sanity/images/dsfx7636/game_data_live/124c93495c927be1baea03fdacf6c7b283cf8b6c-744x1039.png,
,"Vayne, Hunter",035/298,Regular,Rare · Unit · Official Card Gallery,,0,https://cmsassets.rgpub.io/sanity/images/dsfx7636/game_data_live/b38a22e6f4bfaa8589f32754a7466fe5214e81b5-744x1039.png,
,"Vi, Destructive",036/298,Regular,Rare · Unit · Official Card Gallery,,0,https://cmsassets.rgpub.io/sanity/images/dsfx7636/game_data_live/7ab52254ac49b8853fc7ae65b03aaee3f8c5994a-744x1039.png,
,Immortal Phoenix,037/298,Regular,Epic · Unit · Official Card Gallery,,0,https://cmsassets.rgpub.io/sanity/images/dsfx7636/game_data_live/7b623ae985bf5f362b6d8d4a17e9b8146aeae3c3-744x1039.png,
,Kadregrin the Infernal,038/298,Regular,Epic · Unit · Official Card Gallery,,0,https://cmsassets.rgpub.io/sanity/images/dsfx7636/game_data_live/733c32b1fccc7e2983cbb3586358152f90a6df04-744x1039.png,
,"Kai'Sa, Survivor",039a/298,Alternate art,Showcase · Unit · Official Card Gallery,,0,https://cmsassets.rgpub.io/sanity/images/dsfx7636/game_data_live/ad69bde670ce218adee1d2a618a7295d2fb7bd4c-744x1039.png,
,"Kai'Sa, Survivor",039/298,Regular,Epic · Unit · Official Card Gallery,,0,https://cmsassets.rgpub.io/sanity/images/dsfx7636/game_data_live/3d942c02ad4e96a36dba14d663c5105bb6614500-744x1039.png,
,Seal of Rage,040/298,Regular,Epic · Gear · Official Card Gallery,,0,https://cmsassets.rgpub.io/sanity/images/dsfx7636/game_data_live/fbdd14adb40b0ca46b89f476a356fa21413d812e-744x1039.png,
,"Volibear, Furious",041/298,Regular,Epic · Unit · Official Card Gallery,,0,https://cmsassets.rgpub.io/sanity/images/dsfx7636/game_data_live/c9165d49b8caae9a856433cd5151e8b368eb80b5-744x1039.png,
,"Volibear, Furious",041a/298,Alternate art,Showcase · Unit · Official Card Gallery,,0,https://cmsassets.rgpub.io/sanity/images/dsfx7636/game_data_live/744d1b950ae7ef1e6e5b244538a6afb9802e5e3d-744x1039.png,
,Calm Rune,042a/298,Alternate art,Showcase · Rune · Official Card Gallery,,0,https://cmsassets.rgpub.io/sanity/images/dsfx7636/game_data_live/88187b586b9b3cc2f48fd20c806dd5fc5e1bfc71-1488x2078.png,
,Calm Rune,042/298,Regular,Common · Rune · Official Card Gallery,,0,https://cmsassets.rgpub.io/sanity/images/dsfx7636/game_data_live/0a0e8c3d16c2595e2f8efcc2b1466226539b506c-744x1039.png,
,Calm Rune,042/298,Foil,Common · Rune · Official Card Gallery,,0,https://cmsassets.rgpub.io/sanity/images/dsfx7636/game_data_live/0a0e8c3d16c2595e2f8efcc2b1466226539b506c-744x1039.png,
,Charm,043/298,Regular,Common · Spell · Official Card Gallery,,0,https://cmsassets.rgpub.io/sanity/images/dsfx7636/game_data_live/62ae564505db8fcba70605eac2083ac2d4397b5a-744x1039.png,
,Charm,043/298,Foil,Common · Spell · Official Card Gallery,,0,https://cmsassets.rgpub.io/sanity/images/dsfx7636/game_data_live/62ae564505db8fcba70605eac2083ac2d4397b5a-744x1039.png,
,Clockwork Keeper,044/298,Regular,Common · Unit · Official Card Gallery,,0,https://cmsassets.rgpub.io/sanity/images/dsfx7636/game_data_live/417e606418349bb25d4b07d460fa043ad85f2778-744x1039.png,
,Clockwork Keeper,044/298,Foil,Common · Unit · Official Card Gallery,,0,https://cmsassets.rgpub.io/sanity/images/dsfx7636/game_data_live/417e606418349bb25d4b07d460fa043ad85f2778-744x1039.png,
,Defy,045/298,Regular,Common · Spell · Official Card Gallery,,0,https://cmsassets.rgpub.io/sanity/images/dsfx7636/game_data_live/4989bfcc4bd7be77051f0c2c349a981ba9c273e0-744x1039.png,
,Defy,045/298,Foil,Common · Spell · Official Card Gallery,,0,https://cmsassets.rgpub.io/sanity/images/dsfx7636/game_data_live/4989bfcc4bd7be77051f0c2c349a981ba9c273e0-744x1039.png,
,En Garde,046/298,Regular,Common · Spell · Official Card Gallery,,0,https://cmsassets.rgpub.io/sanity/images/dsfx7636/game_data_live/03c0ec7eaa5957a62869dad2a0ce40913fc874a9-744x1039.png,
,En Garde,046/298,Foil,Common · Spell · Official Card Gallery,,0,https://cmsassets.rgpub.io/sanity/images/dsfx7636/game_data_live/03c0ec7eaa5957a62869dad2a0ce40913fc874a9-744x1039.png,
,Find Your Center,047/298,Regular,Common · Spell · Official Card Gallery,,0,https://cmsassets.rgpub.io/sanity/images/dsfx7636/game_data_live/cd9d798b496fdce133c5b0106d636a230b6e7ebe-744x1039.png,
,Find Your Center,047/298,Foil,Common · Spell · Official Card Gallery,,0,https://cmsassets.rgpub.io/sanity/images/dsfx7636/game_data_live/cd9d798b496fdce133c5b0106d636a230b6e7ebe-744x1039.png,
,Meditation,048/298,Regular,Common · Spell · Official Card Gallery,,0,https://cmsassets.rgpub.io/sanity/images/dsfx7636/game_data_live/7103336ab0d7f7bebdaa4155e4258d8d9beb06de-744x1039.png,
,Meditation,048/298,Foil,Common · Spell · Official Card Gallery,,0,https://cmsassets.rgpub.io/sanity/images/dsfx7636/game_data_live/7103336ab0d7f7bebdaa4155e4258d8d9beb06de-744x1039.png,
,Playful Phantom,049/298,Regular,Common · Unit · Official Card Gallery,,0,https://cmsassets.rgpub.io/sanity/images/dsfx7636/game_data_live/3171ef8c7968b0dfe088725b9721b19d175bdb1e-744x1039.png,
,Playful Phantom,049/298,Foil,Common · Unit · Official Card Gallery,,0,https://cmsassets.rgpub.io/sanity/images/dsfx7636/game_data_live/3171ef8c7968b0dfe088725b9721b19d175bdb1e-744x1039.png,
,Rune Prison,050/298,Regular,Common · Spell · Official Card Gallery,,0,https://cmsassets.rgpub.io/sanity/images/dsfx7636/game_data_live/21867baeaced3c22cda5f40f6b6c9a8dad4b7042-744x1039.png,
,Rune Prison,050/298,Foil,Common · Spell · Official Card Gallery,,0,https://cmsassets.rgpub.io/sanity/images/dsfx7636/game_data_live/21867baeaced3c22cda5f40f6b6c9a8dad4b7042-744x1039.png,
,Solari Shieldbearer,051/298,Regular,Common · Unit · Official Card Gallery,,0,https://cmsassets.rgpub.io/sanity/images/dsfx7636/game_data_live/9387ea6480c9fd6991760b07a178c07a5fcf1c57-744x1039.png,
,Solari Shieldbearer,051/298,Foil,Common · Unit · Official Card Gallery,,0,https://cmsassets.rgpub.io/sanity/images/dsfx7636/game_data_live/9387ea6480c9fd6991760b07a178c07a5fcf1c57-744x1039.png,
,Stalwart Poro,052/298,Regular,Common · Unit · Official Card Gallery,,0,https://cmsassets.rgpub.io/sanity/images/dsfx7636/game_data_live/c4a5d7178e783c3975749271b6df333a82a2328a-744x1039.png,
,Stalwart Poro,052/298,Foil,Common · Unit · Official Card Gallery,,0,https://cmsassets.rgpub.io/sanity/images/dsfx7636/game_data_live/c4a5d7178e783c3975749271b6df333a82a2328a-744x1039.png,
,Stand United,053/298,Regular,Common · Spell · Official Card Gallery,,0,https://cmsassets.rgpub.io/sanity/images/dsfx7636/game_data_live/4d10570e70a998de520d4baba254c3b726caa4f0-744x1039.png,
,Stand United,053/298,Foil,Common · Spell · Official Card Gallery,,0,https://cmsassets.rgpub.io/sanity/images/dsfx7636/game_data_live/4d10570e70a998de520d4baba254c3b726caa4f0-744x1039.png,
,Sunlit Guardian,054/298,Regular,Common · Unit · Official Card Gallery,,0,https://cmsassets.rgpub.io/sanity/images/dsfx7636/game_data_live/28bce7a662b9008f65565300f828d98790a641e1-744x1039.png,
,Sunlit Guardian,054/298,Foil,Common · Unit · Official Card Gallery,,0,https://cmsassets.rgpub.io/sanity/images/dsfx7636/game_data_live/28bce7a662b9008f65565300f828d98790a641e1-744x1039.png,
,Wielder of Water,055/298,Regular,Common · Unit · Official Card Gallery,,0,https://cmsassets.rgpub.io/sanity/images/dsfx7636/game_data_live/5b38a7758705bd739caf07b5c0c49482a4a23015-744x1039.png,
,Wielder of Water,055/298,Foil,Common · Unit · Official Card Gallery,,0,https://cmsassets.rgpub.io/sanity/images/dsfx7636/game_data_live/5b38a7758705bd739caf07b5c0c49482a4a23015-744x1039.png,
,Adaptatron,056/298,Regular,Uncommon · Unit · Official Card Gallery,,0,https://cmsassets.rgpub.io/sanity/images/dsfx7636/game_data_live/a3ddb00a2a872eaceb96469739531414aa27455d-744x1039.png,
,Adaptatron,056/298,Foil,Uncommon · Unit · Official Card Gallery,,0,https://cmsassets.rgpub.io/sanity/images/dsfx7636/game_data_live/a3ddb00a2a872eaceb96469739531414aa27455d-744x1039.png,
,Block,057/298,Regular,Uncommon · Spell · Official Card Gallery,,0,https://cmsassets.rgpub.io/sanity/images/dsfx7636/game_data_live/36f7352e715fe073631ed85be41408c9a38ab865-744x1039.png,
,Block,057/298,Foil,Uncommon · Spell · Official Card Gallery,,0,https://cmsassets.rgpub.io/sanity/images/dsfx7636/game_data_live/36f7352e715fe073631ed85be41408c9a38ab865-744x1039.png,
,Discipline,058/298,Regular,Uncommon · Spell · Official Card Gallery,,0,https://cmsassets.rgpub.io/sanity/images/dsfx7636/game_data_live/8b9613970b505e3ad6abe2d51d091778314a7d48-744x1039.png,
,Discipline,058/298,Foil,Uncommon · Spell · Official Card Gallery,,0,https://cmsassets.rgpub.io/sanity/images/dsfx7636/game_data_live/8b9613970b505e3ad6abe2d51d091778314a7d48-744x1039.png,
,Eclipse Herald,059/298,Regular,Uncommon · Unit · Official Card Gallery,,0,https://cmsassets.rgpub.io/sanity/images/dsfx7636/game_data_live/bbe4fec278b8960681f97da658dc2f06ee46c4bd-744x1039.png,
,Eclipse Herald,059/298,Foil,Uncommon · Unit · Official Card Gallery,,0,https://cmsassets.rgpub.io/sanity/images/dsfx7636/game_data_live/bbe4fec278b8960681f97da658dc2f06ee46c4bd-744x1039.png,
,Mask of Foresight,060/298,Regular,Uncommon · Gear · Official Card Gallery,,0,https://cmsassets.rgpub.io/sanity/images/dsfx7636/game_data_live/03824709acbb4151d13b083a842c4702a3e61221-744x1039.png,
,Mask of Foresight,060/298,Foil,Uncommon · Gear · Official Card Gallery,,0,https://cmsassets.rgpub.io/sanity/images/dsfx7636/game_data_live/03824709acbb4151d13b083a842c4702a3e61221-744x1039.png,
,Poro Herder,061/298,Regular,Uncommon · Unit · Official Card Gallery,,0,https://cmsassets.rgpub.io/sanity/images/dsfx7636/game_data_live/166b718a8517fcceac7e7d4f6acbc4fa0bbc2c55-744x1039.png,
,Poro Herder,061/298,Foil,Uncommon · Unit · Official Card Gallery,,0,https://cmsassets.rgpub.io/sanity/images/dsfx7636/game_data_live/166b718a8517fcceac7e7d4f6acbc4fa0bbc2c55-744x1039.png,
,Reinforce,062/298,Regular,Uncommon · Spell · Official Card Gallery,,0,https://cmsassets.rgpub.io/sanity/images/dsfx7636/game_data_live/5bb4ce960c7636dac103c560a2e2f4e32f9d5390-744x1039.png,
,Reinforce,062/298,Foil,Uncommon · Spell · Official Card Gallery,,0,https://cmsassets.rgpub.io/sanity/images/dsfx7636/game_data_live/5bb4ce960c7636dac103c560a2e2f4e32f9d5390-744x1039.png,
,Spirit's Refuge,063/298,Regular,Uncommon · Gear · Official Card Gallery,,0,https://cmsassets.rgpub.io/sanity/images/dsfx7636/game_data_live/26d5e54580d1f17ed6c35a66ac6a90ce56c99ec8-744x1039.png,
,Spirit's Refuge,063/298,Foil,Uncommon · Gear · Official Card Gallery,,0,https://cmsassets.rgpub.io/sanity/images/dsfx7636/game_data_live/26d5e54580d1f17ed6c35a66ac6a90ce56c99ec8-744x1039.png,
,Wind Wall,064/298,Regular,Uncommon · Spell · Official Card Gallery,,0,https://cmsassets.rgpub.io/sanity/images/dsfx7636/game_data_live/72c4dbe48d06916c847dab40340e5f05228fadfe-744x1039.png,
,Wind Wall,064/298,Foil,Uncommon · Spell · Official Card Gallery,,0,https://cmsassets.rgpub.io/sanity/images/dsfx7636/game_data_live/72c4dbe48d06916c847dab40340e5f05228fadfe-744x1039.png,
,Wizened Elder,065/298,Regular,Uncommon · Unit · Official Card Gallery,,0,https://cmsassets.rgpub.io/sanity/images/dsfx7636/game_data_live/7b98797789ad7e3a6cf52126b82a42ec6f269bb7-744x1039.png,
,Wizened Elder,065/298,Foil,Uncommon · Unit · Official Card Gallery,,0,https://cmsassets.rgpub.io/sanity/images/dsfx7636/game_data_live/7b98797789ad7e3a6cf52126b82a42ec6f269bb7-744x1039.png,
,"Ahri, Alluring",066a/298,Alternate art,Showcase · Unit · Official Card Gallery,,0,https://cmsassets.rgpub.io/sanity/images/dsfx7636/game_data_live/933f5d58cc0e27d017982306b9ae0f581c9c8d27-744x1039.png,
,"Ahri, Alluring",066/298,Regular,Rare · Unit · Official Card Gallery,,0,https://cmsassets.rgpub.io/sanity/images/dsfx7636/game_data_live/fabbcc2f83f397cf07299236a702db05a151053b-744x1039.png,
,"Blitzcrank, Impassive",067/298,Regular,Rare · Unit · Official Card Gallery,,0,https://cmsassets.rgpub.io/sanity/images/dsfx7636/game_data_live/654dcc4aef0a0b5a0c6e928d7aae397a52c3ab17-744x1039.png,
,"Caitlyn, Patrolling",068/298,Regular,Rare · Unit · Official Card Gallery,,0,https://cmsassets.rgpub.io/sanity/images/dsfx7636/game_data_live/51e6bacf25d19e7c391367ff107efb9e0b9f1ff5-744x1039.png,
,Last Stand,069/298,Regular,Rare · Spell · Official Card Gallery,,0,https://cmsassets.rgpub.io/sanity/images/dsfx7636/game_data_live/9062d372d299c5c6a0c679f0ff07ba71590ca5f1-744x1039.png,
,Mageseeker Warden,070/298,Regular,Rare · Unit · Official Card Gallery,,0,https://cmsassets.rgpub.io/sanity/images/dsfx7636/game_data_live/ae844b929f817cdf76fe40c7bf5d5fc02062bdac-744x1039.png,
,Party Favors,071/298,Regular,Rare · Spell · Official Card Gallery,,0,https://cmsassets.rgpub.io/sanity/images/dsfx7636/game_data_live/fddcef3c55663c5d6856f6d039d19cacfd64abb5-744x1039.png,
,Solari Shrine,072/298,Regular,Rare · Gear · Official Card Gallery,,0,https://cmsassets.rgpub.io/sanity/images/dsfx7636/game_data_live/139a6d1c62a717bab4cdd75926e7f4aba6efb15d-744x1039.png,
,"Sona, Harmonious",073/298,Regular,Rare · Unit · Official Card Gallery,,0,https://cmsassets.rgpub.io/sanity/images/dsfx7636/game_data_live/8582f6430821fb912fcb3619c5ce9405f254cb2f-744x1039.png,
,"Taric, Protector",074/298,Regular,Rare · Unit · Official Card Gallery,,1,https://cmsassets.rgpub.io/sanity/images/dsfx7636/game_data_live/7d08e3f64401cb87b8a0564a1cbe6fc94aee03a7-744x1039.png,
,Tasty Faefolk,075/298,Regular,Rare · Unit · Official Card Gallery,,0,https://cmsassets.rgpub.io/sanity/images/dsfx7636/game_data_live/65f69ca9a1087deb12e91fb6fdee7b6efd0c088f-744x1039.png,
,"Yasuo, Remorseful",076a/298,Alternate art,Showcase · Unit · Official Card Gallery,,0,https://cmsassets.rgpub.io/sanity/images/dsfx7636/game_data_live/3f2cff3ff3b146c8bfe11594e37e9d8109884273-744x1039.png,
,"Yasuo, Remorseful",076/298,Regular,Rare · Unit · Official Card Gallery,,0,https://cmsassets.rgpub.io/sanity/images/dsfx7636/game_data_live/1643a6c93626884c93363557e1a483642bda6c45-744x1039.png,
,Zhonya's Hourglass,077/298,Regular,Rare · Gear · Official Card Gallery,,0,https://cmsassets.rgpub.io/sanity/images/dsfx7636/game_data_live/dc38172c56f838b407fc9f170ba973da32d7cd4d-744x1039.png,
,"Lee Sin, Ascetic",078/298,Regular,Epic · Unit · Official Card Gallery,,0,https://cmsassets.rgpub.io/sanity/images/dsfx7636/game_data_live/70734e8833bfbbdb2736407c449f418553e3cf7c-744x1039.png,
,"Lee Sin, Ascetic",078a/298,Alternate art,Showcase · Unit · Official Card Gallery,,0,https://cmsassets.rgpub.io/sanity/images/dsfx7636/game_data_live/d34a98faacd3f7d32afd6fad99c806f202aa9dad-744x1039.png,
,"Leona, Zealot",079a/298,Alternate art,Showcase · Unit · Official Card Gallery,,0,https://cmsassets.rgpub.io/sanity/images/dsfx7636/game_data_live/451caa433b1fbe8e9d2b86548b82c3c5f2bac620-744x1039.png,
,"Leona, Zealot",079/298,Regular,Epic · Unit · Official Card Gallery,,0,https://cmsassets.rgpub.io/sanity/images/dsfx7636/game_data_live/3bd1e924bec41b0f733fc8b93dc8918ce5a53ba4-744x1039.png,
,Mystic Reversal,080/298,Regular,Epic · Spell · Official Card Gallery,,0,https://cmsassets.rgpub.io/sanity/images/dsfx7636/game_data_live/298fe91f9d76086b7d77880e11016ed46389b61b-744x1039.png,
,Seal of Focus,081/298,Regular,Epic · Gear · Official Card Gallery,,0,https://cmsassets.rgpub.io/sanity/images/dsfx7636/game_data_live/288c300c4e4cb10ecfe6c3cbb543d0636b306852-744x1039.png,
,Whiteflame Protector,082/298,Regular,Epic · Unit · Official Card Gallery,,0,https://cmsassets.rgpub.io/sanity/images/dsfx7636/game_data_live/a5cdd793736f915fa1b4ea388af66de7b2bc00cb-744x1039.png,
,Consult the Past,083/298,Regular,Common · Spell · Official Card Gallery,,0,https://cmsassets.rgpub.io/sanity/images/dsfx7636/game_data_live/198d950d3933972273ec714e9264cbd563ea6920-744x1039.png,
,Consult the Past,083/298,Foil,Common · Spell · Official Card Gallery,,0,https://cmsassets.rgpub.io/sanity/images/dsfx7636/game_data_live/198d950d3933972273ec714e9264cbd563ea6920-744x1039.png,
,Eager Apprentice,084/298,Regular,Common · Unit · Official Card Gallery,,0,https://cmsassets.rgpub.io/sanity/images/dsfx7636/game_data_live/cf6d5447ff3634d8c2c0216cb2e5802fb5ca0b2e-744x1039.png,
,Eager Apprentice,084/298,Foil,Common · Unit · Official Card Gallery,,0,https://cmsassets.rgpub.io/sanity/images/dsfx7636/game_data_live/cf6d5447ff3634d8c2c0216cb2e5802fb5ca0b2e-744x1039.png,
,Falling Comet,085/298,Regular,Common · Spell · Official Card Gallery,,0,https://cmsassets.rgpub.io/sanity/images/dsfx7636/game_data_live/eaaf300a07d5b2927fe9a601d70f2a01b512cc7e-744x1039.png,
,Falling Comet,085/298,Foil,Common · Spell · Official Card Gallery,,0,https://cmsassets.rgpub.io/sanity/images/dsfx7636/game_data_live/eaaf300a07d5b2927fe9a601d70f2a01b512cc7e-744x1039.png,
,Jeweled Colossus,086/298,Regular,Common · Unit · Official Card Gallery,,0,https://cmsassets.rgpub.io/sanity/images/dsfx7636/game_data_live/775bea14038165fd9feb15c796ed84aa00a032e1-744x1039.png,
,Jeweled Colossus,086/298,Foil,Common · Unit · Official Card Gallery,,0,https://cmsassets.rgpub.io/sanity/images/dsfx7636/game_data_live/775bea14038165fd9feb15c796ed84aa00a032e1-744x1039.png,
,Lecturing Yordle,087/298,Regular,Common · Unit · Official Card Gallery,,0,https://cmsassets.rgpub.io/sanity/images/dsfx7636/game_data_live/62e22370dac35c18de21efbfce9c86ca821e9105-744x1039.png,
,Lecturing Yordle,087/298,Foil,Common · Unit · Official Card Gallery,,0,https://cmsassets.rgpub.io/sanity/images/dsfx7636/game_data_live/62e22370dac35c18de21efbfce9c86ca821e9105-744x1039.png,
,Mega-Mech,088/298,Regular,Common · Unit · Official Card Gallery,,0,https://cmsassets.rgpub.io/sanity/images/dsfx7636/game_data_live/f71db7b62798a2a10a1ab0d293c26ac9dd163c6a-744x1039.png,
,Mega-Mech,088/298,Foil,Common · Unit · Official Card Gallery,,0,https://cmsassets.rgpub.io/sanity/images/dsfx7636/game_data_live/f71db7b62798a2a10a1ab0d293c26ac9dd163c6a-744x1039.png,
,Mind Rune,089a/298,Alternate art,Showcase · Rune · Official Card Gallery,,0,https://cmsassets.rgpub.io/sanity/images/dsfx7636/game_data_live/ecf8c8632c728520b51cd4bc79036677e96ebdfd-1488x2078.png,
,Mind Rune,089/298,Regular,Common · Rune · Official Card Gallery,,0,https://cmsassets.rgpub.io/sanity/images/dsfx7636/game_data_live/f99aa4874baaebd2e81798c8a3aa01c5900f6d30-744x1039.png,
,Mind Rune,089/298,Foil,Common · Rune · Official Card Gallery,,0,https://cmsassets.rgpub.io/sanity/images/dsfx7636/game_data_live/f99aa4874baaebd2e81798c8a3aa01c5900f6d30-744x1039.png,
,Orb of Regret,090/298,Regular,Common · Gear · Official Card Gallery,,1,https://cmsassets.rgpub.io/sanity/images/dsfx7636/game_data_live/fd883b646d1a3cdb1a03b0c19dc62c92ca552f4f-744x1039.png,
,Orb of Regret,090/298,Foil,Common · Gear · Official Card Gallery,,0,https://cmsassets.rgpub.io/sanity/images/dsfx7636/game_data_live/fd883b646d1a3cdb1a03b0c19dc62c92ca552f4f-744x1039.png,
,Pit Crew,091/298,Regular,Common · Unit · Official Card Gallery,,0,https://cmsassets.rgpub.io/sanity/images/dsfx7636/game_data_live/8023223b55adc44bafe1f8c5f305d3dde6f6d114-744x1039.png,
,Pit Crew,091/298,Foil,Common · Unit · Official Card Gallery,,0,https://cmsassets.rgpub.io/sanity/images/dsfx7636/game_data_live/8023223b55adc44bafe1f8c5f305d3dde6f6d114-744x1039.png,
,Riptide Rex,092/298,Regular,Common · Unit · Official Card Gallery,,0,https://cmsassets.rgpub.io/sanity/images/dsfx7636/game_data_live/e09bf1fb6d72da31d415ea31ae7413fe7f02d650-744x1039.png,
,Riptide Rex,092/298,Foil,Common · Unit · Official Card Gallery,,0,https://cmsassets.rgpub.io/sanity/images/dsfx7636/game_data_live/e09bf1fb6d72da31d415ea31ae7413fe7f02d650-744x1039.png,
,Smoke Screen,093/298,Regular,Common · Spell · Official Card Gallery,,0,https://cmsassets.rgpub.io/sanity/images/dsfx7636/game_data_live/06c34457afd09b828ee0b2862ed51eb31004d888-744x1039.png,
,Smoke Screen,093/298,Foil,Common · Spell · Official Card Gallery,,0,https://cmsassets.rgpub.io/sanity/images/dsfx7636/game_data_live/06c34457afd09b828ee0b2862ed51eb31004d888-744x1039.png,
,Sprite Call,094/298,Regular,Common · Spell · Official Card Gallery,,0,https://cmsassets.rgpub.io/sanity/images/dsfx7636/game_data_live/ab3db48dcbb12b01151d3a08c2412020380b7ca5-744x1039.png,
,Sprite Call,094/298,Foil,Common · Spell · Official Card Gallery,,0,https://cmsassets.rgpub.io/sanity/images/dsfx7636/game_data_live/ab3db48dcbb12b01151d3a08c2412020380b7ca5-744x1039.png,
,Stupefy,095/298,Regular,Common · Spell · Official Card Gallery,,0,https://cmsassets.rgpub.io/sanity/images/dsfx7636/game_data_live/837a5976192bbf8bdb4086429802167548ecc119-744x1039.png,
,Stupefy,095/298,Foil,Common · Spell · Official Card Gallery,,0,https://cmsassets.rgpub.io/sanity/images/dsfx7636/game_data_live/837a5976192bbf8bdb4086429802167548ecc119-744x1039.png,
,Watchful Sentry,096/298,Regular,Common · Unit · Official Card Gallery,,0,https://cmsassets.rgpub.io/sanity/images/dsfx7636/game_data_live/d84da2c62b1e218a0a74b227c49ce8a953918ebd-744x1039.png,
,Watchful Sentry,096/298,Foil,Common · Unit · Official Card Gallery,,0,https://cmsassets.rgpub.io/sanity/images/dsfx7636/game_data_live/d84da2c62b1e218a0a74b227c49ce8a953918ebd-744x1039.png,
,Blastcone Fae,097/298,Regular,Uncommon · Unit · Official Card Gallery,,0,https://cmsassets.rgpub.io/sanity/images/dsfx7636/game_data_live/fac53b2216490c99ad7ce11dc5e663a692d6c104-744x1039.png,
,Blastcone Fae,097/298,Foil,Uncommon · Unit · Official Card Gallery,,0,https://cmsassets.rgpub.io/sanity/images/dsfx7636/game_data_live/fac53b2216490c99ad7ce11dc5e663a692d6c104-744x1039.png,
,Energy Conduit,098/298,Regular,Uncommon · Gear · Official Card Gallery,,0,https://cmsassets.rgpub.io/sanity/images/dsfx7636/game_data_live/f0e0a67e9e9b1d45d12d248df78b4e643b70bdc1-744x1039.png,
,Energy Conduit,098/298,Foil,Uncommon · Gear · Official Card Gallery,,0,https://cmsassets.rgpub.io/sanity/images/dsfx7636/game_data_live/f0e0a67e9e9b1d45d12d248df78b4e643b70bdc1-744x1039.png,
,Garbage Grabber,099/298,Regular,Uncommon · Gear · Official Card Gallery,,0,https://cmsassets.rgpub.io/sanity/images/dsfx7636/game_data_live/199f21237aeee2582904463a15ec62ce29452c10-744x1039.png,
,Garbage Grabber,099/298,Foil,Uncommon · Gear · Official Card Gallery,,0,https://cmsassets.rgpub.io/sanity/images/dsfx7636/game_data_live/199f21237aeee2582904463a15ec62ce29452c10-744x1039.png,
,Gemcraft Seer,100/298,Regular,Uncommon · Unit · Official Card Gallery,,0,https://cmsassets.rgpub.io/sanity/images/dsfx7636/game_data_live/4b6965bd592a5f602ab932094d677b6c85b2372b-744x1039.png,
,Gemcraft Seer,100/298,Foil,Uncommon · Unit · Official Card Gallery,,0,https://cmsassets.rgpub.io/sanity/images/dsfx7636/game_data_live/4b6965bd592a5f602ab932094d677b6c85b2372b-744x1039.png,
,Mushroom Pouch,101/298,Regular,Uncommon · Gear · Official Card Gallery,,0,https://cmsassets.rgpub.io/sanity/images/dsfx7636/game_data_live/ef5b3125fda91c0d0a02b7e6dfb7d3d5bafa8bd0-744x1039.png,
,Mushroom Pouch,101/298,Foil,Uncommon · Gear · Official Card Gallery,,0,https://cmsassets.rgpub.io/sanity/images/dsfx7636/game_data_live/ef5b3125fda91c0d0a02b7e6dfb7d3d5bafa8bd0-744x1039.png,
,Portal Rescue,102/298,Regular,Uncommon · Spell · Official Card Gallery,,0,https://cmsassets.rgpub.io/sanity/images/dsfx7636/game_data_live/bafb4c68fa9a3eb71fecd0cdffb9e20b9f68d532-744x1039.png,
,Portal Rescue,102/298,Foil,Uncommon · Spell · Official Card Gallery,,0,https://cmsassets.rgpub.io/sanity/images/dsfx7636/game_data_live/bafb4c68fa9a3eb71fecd0cdffb9e20b9f68d532-744x1039.png,
,Ravenbloom Student,103/298,Regular,Uncommon · Unit · Official Card Gallery,,0,https://cmsassets.rgpub.io/sanity/images/dsfx7636/game_data_live/b98b1ff793b6eb263957258742cc83d50fda6537-744x1039.png,
,Ravenbloom Student,103/298,Foil,Uncommon · Unit · Official Card Gallery,,0,https://cmsassets.rgpub.io/sanity/images/dsfx7636/game_data_live/b98b1ff793b6eb263957258742cc83d50fda6537-744x1039.png,
,Retreat,104/298,Regular,Uncommon · Spell · Official Card Gallery,,0,https://cmsassets.rgpub.io/sanity/images/dsfx7636/game_data_live/71ecf6c06d3110a81ac0f01c726c06921f479a13-744x1039.png,
,Retreat,104/298,Foil,Uncommon · Spell · Official Card Gallery,,0,https://cmsassets.rgpub.io/sanity/images/dsfx7636/game_data_live/71ecf6c06d3110a81ac0f01c726c06921f479a13-744x1039.png,
,Singularity,105/298,Regular,Uncommon · Spell · Official Card Gallery,,0,https://cmsassets.rgpub.io/sanity/images/dsfx7636/game_data_live/792edce1a64d4a92740aa3fa240e21e161513944-744x1039.png,
,Singularity,105/298,Foil,Uncommon · Spell · Official Card Gallery,,0,https://cmsassets.rgpub.io/sanity/images/dsfx7636/game_data_live/792edce1a64d4a92740aa3fa240e21e161513944-744x1039.png,
,Sprite Mother,106/298,Regular,Uncommon · Unit · Official Card Gallery,,0,https://cmsassets.rgpub.io/sanity/images/dsfx7636/game_data_live/65c06528f88de1ac207b382d4830ccfdd08a2d12-744x1039.png,
,Sprite Mother,106/298,Foil,Uncommon · Unit · Official Card Gallery,,0,https://cmsassets.rgpub.io/sanity/images/dsfx7636/game_data_live/65c06528f88de1ac207b382d4830ccfdd08a2d12-744x1039.png,
,Ava Achiever,107/298,Regular,Rare · Unit · Official Card Gallery,,0,https://cmsassets.rgpub.io/sanity/images/dsfx7636/game_data_live/93e91aa99eb09baa68dd95b0013a89d9ffde5240-744x1039.png,
,Convergent Mutation,108/298,Regular,Rare · Spell · Official Card Gallery,,0,https://cmsassets.rgpub.io/sanity/images/dsfx7636/game_data_live/61d414fc67ff52b9082e282e628dd0916afd8454-744x1039.png,
,"Dr. Mundo, Expert",109/298,Regular,Rare · Unit · Official Card Gallery,,0,https://cmsassets.rgpub.io/sanity/images/dsfx7636/game_data_live/cf51fe8bedf5139e8cc1fc062969949ea7b121f0-744x1039.png,
,"Ekko, Recurrent",110/298,Regular,Rare · Unit · Official Card Gallery,,0,https://cmsassets.rgpub.io/sanity/images/dsfx7636/game_data_live/65da19325b6def53d33c07bc1aa8f91fd2f1e723-744x1039.png,
,"Heimerdinger, Inventor",111/298,Regular,Rare · Unit · Official Card Gallery,,0,https://cmsassets.rgpub.io/sanity/images/dsfx7636/game_data_live/5b14a5f9d567c90329c151a8cc72d870b47b1434-744x1039.png,
,"Kai'Sa, Evolutionary",112a/298,Alternate art,Showcase · Unit · Official Card Gallery,,0,https://cmsassets.rgpub.io/sanity/images/dsfx7636/game_data_live/2c8c9619d4afd081de548b511000f7c4b849ec1e-744x1039.png,
,"Kai'Sa, Evolutionary",112/298,Regular,Rare · Unit · Official Card Gallery,,0,https://cmsassets.rgpub.io/sanity/images/dsfx7636/game_data_live/fc4ee60eaedd5c56a9222fd07482b6a86b11baa4-744x1039.png,
,"Malzahar, Fanatic",113/298,Regular,Rare · Unit · Official Card Gallery,,0,https://cmsassets.rgpub.io/sanity/images/dsfx7636/game_data_live/ba1fa3a18b1c2ff132ad536577e53deb49bce1f9-744x1039.png,
,Progress Day,114/298,Regular,Rare · Spell · Official Card Gallery,,0,https://cmsassets.rgpub.io/sanity/images/dsfx7636/game_data_live/b15f479a8f29e31b6e4c06cf2d7c8cb8630073ef-744x1039.png,
,Promising Future,115/298,Regular,Rare · Spell · Official Card Gallery,,0,https://cmsassets.rgpub.io/sanity/images/dsfx7636/game_data_live/1ea5e7e50aaecee0b2ee2657d3c829dff0718fba-744x1039.png,
,Thousand-Tailed Watcher,116/298,Regular,Rare · Unit · Official Card Gallery,,0,https://cmsassets.rgpub.io/sanity/images/dsfx7636/game_data_live/b20e5644c33924a58e0497dd9f7db19723147003-744x1039.png,
,"Viktor, Innovator",117/298,Regular,Rare · Unit · Official Card Gallery,,0,https://cmsassets.rgpub.io/sanity/images/dsfx7636/game_data_live/35be0b10f13611b4f5d828f2a79001036ab57ba1-744x1039.png,
,"Viktor, Innovator",117a/298,Alternate art,Showcase · Unit · Official Card Gallery,,0,https://cmsassets.rgpub.io/sanity/images/dsfx7636/game_data_live/12dfa6b38edc9b23f216c0a1828474f7506d49c0-744x1039.png,
,Wraith of Echoes,118/298,Regular,Rare · Unit · Official Card Gallery,,0,https://cmsassets.rgpub.io/sanity/images/dsfx7636/game_data_live/10785ab5267ca3ff2dea081d8d18ba47c3858517-744x1039.png,
,"Ahri, Inquisitive",119/298,Regular,Epic · Unit · Official Card Gallery,,1,https://cmsassets.rgpub.io/sanity/images/dsfx7636/game_data_live/cfa28e1abcac1db780d11e82985e13ee5978290d-744x1039.png,
,"Ahri, Inquisitive",119a/298,Alternate art,Showcase · Unit · Official Card Gallery,,1,https://cmsassets.rgpub.io/sanity/images/dsfx7636/game_data_live/7adc5aa8dba66bf918b8140699cb3a74f7b0efb5-744x1039.png,
,Seal of Insight,120/298,Regular,Epic · Gear · Official Card Gallery,,0,https://cmsassets.rgpub.io/sanity/images/dsfx7636/game_data_live/9ee0dc0221f83d569e0f458374e40f7238f306c2-744x1039.png,
,"Teemo, Strategist",121/298,Regular,Epic · Unit · Official Card Gallery,,0,https://cmsassets.rgpub.io/sanity/images/dsfx7636/game_data_live/b05f31bf744972983f61a9f5801b4ffd68fb9ebf-744x1039.png,
,"Teemo, Strategist",121a/298,Alternate art,Showcase · Unit · Official Card Gallery,,0,https://cmsassets.rgpub.io/sanity/images/dsfx7636/game_data_live/0709ab02b75d9acc8f3c4037ec3a4140323150d8-744x1039.png,
,Time Warp,122/298,Regular,Epic · Spell · Official Card Gallery,,0,https://cmsassets.rgpub.io/sanity/images/dsfx7636/game_data_live/b97bbcf3cf6cb6e5f4baaa1bfbb85dc860eb950b-744x1039.png,
,Unchecked Power,123/298,Regular,Epic · Spell · Official Card Gallery,,0,https://cmsassets.rgpub.io/sanity/images/dsfx7636/game_data_live/c44cd1f6f41144c770ac79f10e5ae75f0c6d6435-744x1039.png,
,Arena Bar,124/298,Regular,Common · Gear · Official Card Gallery,,0,https://cmsassets.rgpub.io/sanity/images/dsfx7636/game_data_live/519306d1d4a36f2d54fe0982268a197a257f5e5d-744x1039.png,
,Arena Bar,124/298,Foil,Common · Gear · Official Card Gallery,,0,https://cmsassets.rgpub.io/sanity/images/dsfx7636/game_data_live/519306d1d4a36f2d54fe0982268a197a257f5e5d-744x1039.png,
,Bilgewater Bully,125/298,Regular,Common · Unit · Official Card Gallery,,0,https://cmsassets.rgpub.io/sanity/images/dsfx7636/game_data_live/474f66ffa1ecebd9e0341d644cb82a3b8135eece-744x1039.png,
,Bilgewater Bully,125/298,Foil,Common · Unit · Official Card Gallery,,0,https://cmsassets.rgpub.io/sanity/images/dsfx7636/game_data_live/474f66ffa1ecebd9e0341d644cb82a3b8135eece-744x1039.png,
,Body Rune,126/298,Regular,Common · Rune · Official Card Gallery,,0,https://cmsassets.rgpub.io/sanity/images/dsfx7636/game_data_live/3b3c3c07626d6180457c849047e0228dc0d19539-744x1039.png,
,Body Rune,126/298,Foil,Common · Rune · Official Card Gallery,,0,https://cmsassets.rgpub.io/sanity/images/dsfx7636/game_data_live/3b3c3c07626d6180457c849047e0228dc0d19539-744x1039.png,
,Body Rune,126a/298,Alternate art,Showcase · Rune · Official Card Gallery,,0,https://cmsassets.rgpub.io/sanity/images/dsfx7636/game_data_live/011081f82cab36f8ec0d6874492512fd7859f59e-1488x2078.png,
,Cannon Barrage,127/298,Regular,Common · Spell · Official Card Gallery,,0,https://cmsassets.rgpub.io/sanity/images/dsfx7636/game_data_live/07ef531829e5c6084a8d31044ebd783a9266f59e-744x1039.png,
,Cannon Barrage,127/298,Foil,Common · Spell · Official Card Gallery,,0,https://cmsassets.rgpub.io/sanity/images/dsfx7636/game_data_live/07ef531829e5c6084a8d31044ebd783a9266f59e-744x1039.png,
,Challenge,128/298,Regular,Common · Spell · Official Card Gallery,,0,https://cmsassets.rgpub.io/sanity/images/dsfx7636/game_data_live/f5c1aeaee373c481b7ea2a638cd6f9e815ac105d-744x1039.png,
,Challenge,128/298,Foil,Common · Spell · Official Card Gallery,,0,https://cmsassets.rgpub.io/sanity/images/dsfx7636/game_data_live/f5c1aeaee373c481b7ea2a638cd6f9e815ac105d-744x1039.png,
,Confront,129/298,Regular,Common · Spell · Official Card Gallery,,0,https://cmsassets.rgpub.io/sanity/images/dsfx7636/game_data_live/691a38a7c344fdb5ee86e34d41321d99754286a7-744x1039.png,
,Confront,129/298,Foil,Common · Spell · Official Card Gallery,,0,https://cmsassets.rgpub.io/sanity/images/dsfx7636/game_data_live/691a38a7c344fdb5ee86e34d41321d99754286a7-744x1039.png,
,Crackshot Corsair,130/298,Regular,Common · Unit · Official Card Gallery,,0,https://cmsassets.rgpub.io/sanity/images/dsfx7636/game_data_live/9106ab084e02d7a489cb351e98112e5833b0bb11-744x1039.png,
,Crackshot Corsair,130/298,Foil,Common · Unit · Official Card Gallery,,0,https://cmsassets.rgpub.io/sanity/images/dsfx7636/game_data_live/9106ab084e02d7a489cb351e98112e5833b0bb11-744x1039.png,
,Dune Drake,131/298,Regular,Common · Unit · Official Card Gallery,,0,https://cmsassets.rgpub.io/sanity/images/dsfx7636/game_data_live/ba18bf4a5fa9777a0cb5ae69cc7e6f049bbceaa0-744x1039.png,
,Dune Drake,131/298,Foil,Common · Unit · Official Card Gallery,,0,https://cmsassets.rgpub.io/sanity/images/dsfx7636/game_data_live/ba18bf4a5fa9777a0cb5ae69cc7e6f049bbceaa0-744x1039.png,
,First Mate,132/298,Regular,Common · Unit · Official Card Gallery,,0,https://cmsassets.rgpub.io/sanity/images/dsfx7636/game_data_live/85e2b436ea482d53563cc5fa955f2a867ee6c32f-744x1039.png,
,First Mate,132/298,Foil,Common · Unit · Official Card Gallery,,0,https://cmsassets.rgpub.io/sanity/images/dsfx7636/game_data_live/85e2b436ea482d53563cc5fa955f2a867ee6c32f-744x1039.png,
,Flurry of Blades,133/298,Regular,Common · Spell · Official Card Gallery,,0,https://cmsassets.rgpub.io/sanity/images/dsfx7636/game_data_live/c72f872e7e71b55b2074c5be4f2d7a44fa6fafca-744x1039.png,
,Flurry of Blades,133/298,Foil,Common · Spell · Official Card Gallery,,0,https://cmsassets.rgpub.io/sanity/images/dsfx7636/game_data_live/c72f872e7e71b55b2074c5be4f2d7a44fa6fafca-744x1039.png,
,Mobilize,134/298,Regular,Common · Spell · Official Card Gallery,,0,https://cmsassets.rgpub.io/sanity/images/dsfx7636/game_data_live/cb22153e84ce250192b8e6e75e7f4dc0b66a728c-744x1039.png,
,Mobilize,134/298,Foil,Common · Spell · Official Card Gallery,,0,https://cmsassets.rgpub.io/sanity/images/dsfx7636/game_data_live/cb22153e84ce250192b8e6e75e7f4dc0b66a728c-744x1039.png,
,Pakaa Cub,135/298,Regular,Common · Unit · Official Card Gallery,,0,https://cmsassets.rgpub.io/sanity/images/dsfx7636/game_data_live/156a66d7d44165367cc5a470fb35c86f337f9429-744x1039.png,
,Pakaa Cub,135/298,Foil,Common · Unit · Official Card Gallery,,0,https://cmsassets.rgpub.io/sanity/images/dsfx7636/game_data_live/156a66d7d44165367cc5a470fb35c86f337f9429-744x1039.png,
,Pit Rookie,136/298,Regular,Common · Unit · Official Card Gallery,,0,https://cmsassets.rgpub.io/sanity/images/dsfx7636/game_data_live/ec19eeaee85c7e5669387a3f6ccb7718f5a0f570-744x1039.png,
,Pit Rookie,136/298,Foil,Common · Unit · Official Card Gallery,,0,https://cmsassets.rgpub.io/sanity/images/dsfx7636/game_data_live/ec19eeaee85c7e5669387a3f6ccb7718f5a0f570-744x1039.png,
,Stormclaw Ursine,137/298,Regular,Common · Unit · Official Card Gallery,,0,https://cmsassets.rgpub.io/sanity/images/dsfx7636/game_data_live/137e5a1faec1c8b26a5a0abc7802f6461cc725c8-744x1039.png,
,Stormclaw Ursine,137/298,Foil,Common · Unit · Official Card Gallery,,0,https://cmsassets.rgpub.io/sanity/images/dsfx7636/game_data_live/137e5a1faec1c8b26a5a0abc7802f6461cc725c8-744x1039.png,
,Catalyst of Aeons,138/298,Regular,Uncommon · Spell · Official Card Gallery,,0,https://cmsassets.rgpub.io/sanity/images/dsfx7636/game_data_live/4753707323ab6f9ac572c097f29f2f76ac62f54f-744x1039.png,
,Catalyst of Aeons,138/298,Foil,Uncommon · Spell · Official Card Gallery,,0,https://cmsassets.rgpub.io/sanity/images/dsfx7636/game_data_live/4753707323ab6f9ac572c097f29f2f76ac62f54f-744x1039.png,
,Cithria of Cloudfield,139/298,Regular,Uncommon · Unit · Official Card Gallery,,0,https://cmsassets.rgpub.io/sanity/images/dsfx7636/game_data_live/6f0931db65e25e0a8d8351ffb97f8deed5dc0aa9-744x1039.png,
,Cithria of Cloudfield,139/298,Foil,Uncommon · Unit · Official Card Gallery,,0,https://cmsassets.rgpub.io/sanity/images/dsfx7636/game_data_live/6f0931db65e25e0a8d8351ffb97f8deed5dc0aa9-744x1039.png,
,Herald of Scales,140/298,Regular,Uncommon · Unit · Official Card Gallery,,0,https://cmsassets.rgpub.io/sanity/images/dsfx7636/game_data_live/be49bceea1d328769774fb4daac4732861f6e4fd-744x1039.png,
,Herald of Scales,140/298,Foil,Uncommon · Unit · Official Card Gallery,,0,https://cmsassets.rgpub.io/sanity/images/dsfx7636/game_data_live/be49bceea1d328769774fb4daac4732861f6e4fd-744x1039.png,
,Kinkou Monk,141/298,Regular,Uncommon · Unit · Official Card Gallery,,0,https://cmsassets.rgpub.io/sanity/images/dsfx7636/game_data_live/648b22c6f419ee55723247bbf4c3ac10f0be9ab5-744x1039.png,
,Kinkou Monk,141/298,Foil,Uncommon · Unit · Official Card Gallery,,0,https://cmsassets.rgpub.io/sanity/images/dsfx7636/game_data_live/648b22c6f419ee55723247bbf4c3ac10f0be9ab5-744x1039.png,
,Mountain Drake,142/298,Regular,Uncommon · Unit · Official Card Gallery,,0,https://cmsassets.rgpub.io/sanity/images/dsfx7636/game_data_live/8a9c1d334b217e9bd0b23dfca2054de4d0b90ff1-744x1039.png,
,Mountain Drake,142/298,Foil,Uncommon · Unit · Official Card Gallery,,0,https://cmsassets.rgpub.io/sanity/images/dsfx7636/game_data_live/8a9c1d334b217e9bd0b23dfca2054de4d0b90ff1-744x1039.png,
,Pirate's Haven,143/298,Regular,Uncommon · Gear · Official Card Gallery,,0,https://cmsassets.rgpub.io/sanity/images/dsfx7636/game_data_live/1991b64d58cbd3698574f44b404f7a88d6403134-744x1039.png,
,Pirate's Haven,143/298,Foil,Uncommon · Gear · Official Card Gallery,,0,https://cmsassets.rgpub.io/sanity/images/dsfx7636/game_data_live/1991b64d58cbd3698574f44b404f7a88d6403134-744x1039.png,
,Spoils of War,144/298,Regular,Uncommon · Spell · Official Card Gallery,,0,https://cmsassets.rgpub.io/sanity/images/dsfx7636/game_data_live/b8d59d015d6b8e15822b360447fcb364e14d550f-744x1039.png,
,Spoils of War,144/298,Foil,Uncommon · Spell · Official Card Gallery,,0,https://cmsassets.rgpub.io/sanity/images/dsfx7636/game_data_live/b8d59d015d6b8e15822b360447fcb364e14d550f-744x1039.png,
,Unyielding Spirit,145/298,Regular,Uncommon · Spell · Official Card Gallery,,0,https://cmsassets.rgpub.io/sanity/images/dsfx7636/game_data_live/9afea96ec04ce0c2ee76c4affbf4e6df470e7647-744x1039.png,
,Unyielding Spirit,145/298,Foil,Uncommon · Spell · Official Card Gallery,,0,https://cmsassets.rgpub.io/sanity/images/dsfx7636/game_data_live/9afea96ec04ce0c2ee76c4affbf4e6df470e7647-744x1039.png,
,Wallop,146/298,Regular,Uncommon · Spell · Official Card Gallery,,0,https://cmsassets.rgpub.io/sanity/images/dsfx7636/game_data_live/7bbd2eb8ce224e1872a1c920d7c64d796b2355cd-744x1039.png,
,Wallop,146/298,Foil,Uncommon · Spell · Official Card Gallery,,0,https://cmsassets.rgpub.io/sanity/images/dsfx7636/game_data_live/7bbd2eb8ce224e1872a1c920d7c64d796b2355cd-744x1039.png,
,Wildclaw Shaman,147/298,Regular,Uncommon · Unit · Official Card Gallery,,0,https://cmsassets.rgpub.io/sanity/images/dsfx7636/game_data_live/7abc938fee4ba397f52c8ea60d350857a7517b0c-744x1039.png,
,Wildclaw Shaman,147/298,Foil,Uncommon · Unit · Official Card Gallery,,0,https://cmsassets.rgpub.io/sanity/images/dsfx7636/game_data_live/7abc938fee4ba397f52c8ea60d350857a7517b0c-744x1039.png,
,"Anivia, Primal",148/298,Regular,Rare · Unit · Official Card Gallery,,0,https://cmsassets.rgpub.io/sanity/images/dsfx7636/game_data_live/ca1a56035333e31b3a04d67ee9131bb4d533e5db-744x1039.png,
,Carnivorous Snapvine,149/298,Regular,Rare · Unit · Official Card Gallery,,0,https://cmsassets.rgpub.io/sanity/images/dsfx7636/game_data_live/5ceaec3452d623931b5ac93d0af26b180b9646de-744x1039.png,
,Kraken Hunter,150/298,Regular,Rare · Unit · Official Card Gallery,,0,https://cmsassets.rgpub.io/sanity/images/dsfx7636/game_data_live/51aab4710d000a9c1e665a37ef8c919ff11b0282-744x1039.png,
,"Lee Sin, Centered",151/298,Regular,Rare · Unit · Official Card Gallery,,0,https://cmsassets.rgpub.io/sanity/images/dsfx7636/game_data_live/eca1aec1304de9c237751eb0aeed620b9ad0408e-744x1039.png,
,"Lee Sin, Centered",151a/298,Alternate art,Showcase · Unit · Official Card Gallery,,0,https://cmsassets.rgpub.io/sanity/images/dsfx7636/game_data_live/68d9364d3138e06a25724a0aaae0b7226472cd68-744x1039.png,
,Mistfall,152/298,Regular,Rare · Gear · Official Card Gallery,,0,https://cmsassets.rgpub.io/sanity/images/dsfx7636/game_data_live/1cedf0dcd6c4a44ae867e9f04f9f179d9b91c357-744x1039.png,
,Overt Operation,153/298,Regular,Rare · Spell · Official Card Gallery,,0,https://cmsassets.rgpub.io/sanity/images/dsfx7636/game_data_live/69dba13c930ba3962851346d2bc6cbeb4ca48455-744x1039.png,
,Primal Strength,154/298,Regular,Rare · Spell · Official Card Gallery,,0,https://cmsassets.rgpub.io/sanity/images/dsfx7636/game_data_live/dfd910a9836cd36340d0ffdb5fe8cb92a1069963-744x1039.png,
,"Qiyana, Victorious",155/298,Regular,Rare · Unit · Official Card Gallery,,0,https://cmsassets.rgpub.io/sanity/images/dsfx7636/game_data_live/90d1a07ef0c6c8282e6eee77e479254f50752eb2-744x1039.png,
,Sabotage,156/298,Regular,Rare · Spell · Official Card Gallery,,0,https://cmsassets.rgpub.io/sanity/images/dsfx7636/game_data_live/70f186b85fd224ee23dcf64957f0fab835d28040-744x1039.png,
,"Udyr, Wildman",157/298,Regular,Rare · Unit · Official Card Gallery,,0,https://cmsassets.rgpub.io/sanity/images/dsfx7636/game_data_live/2e461e5d05b5ee86e47a425c42c6f3b3c12bc4cf-744x1039.png,
,"Volibear, Imposing",158a/298,Alternate art,Showcase · Unit · Official Card Gallery,,0,https://cmsassets.rgpub.io/sanity/images/dsfx7636/game_data_live/faceb90b6a46e79eadba43871b8cffe1ec5037a7-744x1039.png,
,"Volibear, Imposing",158/298,Regular,Rare · Unit · Official Card Gallery,,0,https://cmsassets.rgpub.io/sanity/images/dsfx7636/game_data_live/bcb15f95f4a72f8b070a3b1cd54e6482fe1a4b3e-744x1039.png,
,"Warwick, Hunter",159/298,Regular,Rare · Unit · Official Card Gallery,,0,https://cmsassets.rgpub.io/sanity/images/dsfx7636/game_data_live/fcbf878905001fa81858e9f081346fd05425f264-744x1039.png,
,Dazzling Aurora,160/298,Regular,Epic · Gear · Official Card Gallery,,0,https://cmsassets.rgpub.io/sanity/images/dsfx7636/game_data_live/c023856a50c75058465f283d181277ce265ba108-744x1039.png,
,Deadbloom Predator,161/298,Regular,Epic · Unit · Official Card Gallery,,0,https://cmsassets.rgpub.io/sanity/images/dsfx7636/game_data_live/112b4b3847b26ea2d245ac0976717d109be7b032-744x1039.png,
,"Miss Fortune, Captain",162a/298,Alternate art,Showcase · Unit · Official Card Gallery,,0,https://cmsassets.rgpub.io/sanity/images/dsfx7636/game_data_live/6a7a0dfa952259993fa0d8998a820585ff4f81c6-744x1039.png,
,"Miss Fortune, Captain",162/298,Regular,Epic · Unit · Official Card Gallery,,0,https://cmsassets.rgpub.io/sanity/images/dsfx7636/game_data_live/3c7b219245cd6c6ee835974dd74771bc605289de-744x1039.png,
,Seal of Strength,163/298,Regular,Epic · Gear · Official Card Gallery,,0,https://cmsassets.rgpub.io/sanity/images/dsfx7636/game_data_live/415644b2798348e3d7198ec900cc40aaa4eb8bdf-744x1039.png,
,"Sett, Brawler",164a/298,Alternate art,Showcase · Unit · Official Card Gallery,,0,https://cmsassets.rgpub.io/sanity/images/dsfx7636/game_data_live/26e65c15e8a1ce1a9cd60d96345c7916e67e00ac-744x1039.png,
,"Sett, Brawler",164/298,Regular,Epic · Unit · Official Card Gallery,,0,https://cmsassets.rgpub.io/sanity/images/dsfx7636/game_data_live/00ddd4d478f2e49e18a60ed67f4d1452041b7da3-744x1039.png,
,Cemetery Attendant,165/298,Regular,Common · Unit · Official Card Gallery,,0,https://cmsassets.rgpub.io/sanity/images/dsfx7636/game_data_live/6bbbe6923105c53fc6b2a44430db940e009609b6-744x1039.png,
,Cemetery Attendant,165/298,Foil,Common · Unit · Official Card Gallery,,0,https://cmsassets.rgpub.io/sanity/images/dsfx7636/game_data_live/6bbbe6923105c53fc6b2a44430db940e009609b6-744x1039.png,
,Chaos Rune,166a/298,Alternate art,Showcase · Rune · Official Card Gallery,,0,https://cmsassets.rgpub.io/sanity/images/dsfx7636/game_data_live/fbcde2f71fcc06fb8afc83855e24447a393f8943-1488x2078.png,
,Chaos Rune,166/298,Regular,Common · Rune · Official Card Gallery,,0,https://cmsassets.rgpub.io/sanity/images/dsfx7636/game_data_live/daf23b0deaa5e1a5a5d310b59e9ad25d1bd70363-744x1039.png,
,Chaos Rune,166/298,Foil,Common · Rune · Official Card Gallery,,0,https://cmsassets.rgpub.io/sanity/images/dsfx7636/game_data_live/daf23b0deaa5e1a5a5d310b59e9ad25d1bd70363-744x1039.png,
,Ember Monk,167/298,Regular,Common · Unit · Official Card Gallery,,0,https://cmsassets.rgpub.io/sanity/images/dsfx7636/game_data_live/0441f70a7acc377d8cbe08559b7a2fc3139c903b-744x1039.png,
,Ember Monk,167/298,Foil,Common · Unit · Official Card Gallery,,0,https://cmsassets.rgpub.io/sanity/images/dsfx7636/game_data_live/0441f70a7acc377d8cbe08559b7a2fc3139c903b-744x1039.png,
,Fight or Flight,168/298,Regular,Common · Spell · Official Card Gallery,,0,https://cmsassets.rgpub.io/sanity/images/dsfx7636/game_data_live/2e7c7ad72889878e2dd5932d203814b185e74a87-744x1039.png,
,Fight or Flight,168/298,Foil,Common · Spell · Official Card Gallery,,0,https://cmsassets.rgpub.io/sanity/images/dsfx7636/game_data_live/2e7c7ad72889878e2dd5932d203814b185e74a87-744x1039.png,
,Gust,169/298,Regular,Common · Spell · Official Card Gallery,,0,https://cmsassets.rgpub.io/sanity/images/dsfx7636/game_data_live/dfd3b161ab76ba0c5d503384f1289b3395434b10-744x1039.png,
,Gust,169/298,Foil,Common · Spell · Official Card Gallery,,0,https://cmsassets.rgpub.io/sanity/images/dsfx7636/game_data_live/dfd3b161ab76ba0c5d503384f1289b3395434b10-744x1039.png,
,Morbid Return,170/298,Regular,Common · Spell · Official Card Gallery,,0,https://cmsassets.rgpub.io/sanity/images/dsfx7636/game_data_live/33b5ca4e580b94f2056bd884a4a35e8c630920a2-744x1039.png,
,Morbid Return,170/298,Foil,Common · Spell · Official Card Gallery,,0,https://cmsassets.rgpub.io/sanity/images/dsfx7636/game_data_live/33b5ca4e580b94f2056bd884a4a35e8c630920a2-744x1039.png,
,Mystic Poro,171/298,Regular,Common · Unit · Official Card Gallery,,0,https://cmsassets.rgpub.io/sanity/images/dsfx7636/game_data_live/11af57d045768e886d05e1c0933b0d57cb1e459d-744x1039.png,
,Mystic Poro,171/298,Foil,Common · Unit · Official Card Gallery,,0,https://cmsassets.rgpub.io/sanity/images/dsfx7636/game_data_live/11af57d045768e886d05e1c0933b0d57cb1e459d-744x1039.png,
,Rebuke,172/298,Regular,Common · Spell · Official Card Gallery,,0,https://cmsassets.rgpub.io/sanity/images/dsfx7636/game_data_live/c8e1ad72e9d562f9267c1512f29e9c04dc5cc15f-744x1039.png,
,Rebuke,172/298,Foil,Common · Spell · Official Card Gallery,,0,https://cmsassets.rgpub.io/sanity/images/dsfx7636/game_data_live/c8e1ad72e9d562f9267c1512f29e9c04dc5cc15f-744x1039.png,
,Ride the Wind,173/298,Regular,Common · Spell · Official Card Gallery,,0,https://cmsassets.rgpub.io/sanity/images/dsfx7636/game_data_live/864d9f8992db7f9a9e795d9438d941ca564ddde7-744x1039.png,
,Ride the Wind,173/298,Foil,Common · Spell · Official Card Gallery,,0,https://cmsassets.rgpub.io/sanity/images/dsfx7636/game_data_live/864d9f8992db7f9a9e795d9438d941ca564ddde7-744x1039.png,
,Sai Scout,174/298,Regular,Common · Unit · Official Card Gallery,,0,https://cmsassets.rgpub.io/sanity/images/dsfx7636/game_data_live/eab1fc8c95931519319c4c80681a261d75214c48-744x1039.png,
,Sai Scout,174/298,Foil,Common · Unit · Official Card Gallery,,0,https://cmsassets.rgpub.io/sanity/images/dsfx7636/game_data_live/eab1fc8c95931519319c4c80681a261d75214c48-744x1039.png,
,Shipyard Skulker,175/298,Regular,Common · Unit · Official Card Gallery,,0,https://cmsassets.rgpub.io/sanity/images/dsfx7636/game_data_live/000634f32b897638760b82e5365961f6d85bc0cb-744x1039.png,
,Shipyard Skulker,175/298,Foil,Common · Unit · Official Card Gallery,,0,https://cmsassets.rgpub.io/sanity/images/dsfx7636/game_data_live/000634f32b897638760b82e5365961f6d85bc0cb-744x1039.png,
,Sneaky Deckhand,176/298,Regular,Common · Unit · Official Card Gallery,,0,https://cmsassets.rgpub.io/sanity/images/dsfx7636/game_data_live/6f95b6aac293d8e477192281df47d8466da502bf-744x1039.png,
,Sneaky Deckhand,176/298,Foil,Common · Unit · Official Card Gallery,,0,https://cmsassets.rgpub.io/sanity/images/dsfx7636/game_data_live/6f95b6aac293d8e477192281df47d8466da502bf-744x1039.png,
,Stealthy Pursuer,177/298,Regular,Common · Unit · Official Card Gallery,,0,https://cmsassets.rgpub.io/sanity/images/dsfx7636/game_data_live/ab23fd84badd67e9981512acbe6c3e9a8f97f42d-744x1039.png,
,Stealthy Pursuer,177/298,Foil,Common · Unit · Official Card Gallery,,0,https://cmsassets.rgpub.io/sanity/images/dsfx7636/game_data_live/ab23fd84badd67e9981512acbe6c3e9a8f97f42d-744x1039.png,
,Undercover Agent,178/298,Regular,Common · Unit · Official Card Gallery,,0,https://cmsassets.rgpub.io/sanity/images/dsfx7636/game_data_live/3e4e318c0cc97b13646ee454da71046a09236e47-744x1039.png,
,Undercover Agent,178/298,Foil,Common · Unit · Official Card Gallery,,0,https://cmsassets.rgpub.io/sanity/images/dsfx7636/game_data_live/3e4e318c0cc97b13646ee454da71046a09236e47-744x1039.png,
,Acceptable Losses,179/298,Regular,Uncommon · Spell · Official Card Gallery,,0,https://cmsassets.rgpub.io/sanity/images/dsfx7636/game_data_live/b2b470bab1ae511ab9de0b1ce576e2050532a081-744x1039.png,
,Acceptable Losses,179/298,Foil,Uncommon · Spell · Official Card Gallery,,0,https://cmsassets.rgpub.io/sanity/images/dsfx7636/game_data_live/b2b470bab1ae511ab9de0b1ce576e2050532a081-744x1039.png,
,Fading Memories,180/298,Regular,Uncommon · Spell · Official Card Gallery,,0,https://cmsassets.rgpub.io/sanity/images/dsfx7636/game_data_live/a2b366942f1a7ec1f4bd3c1b17e10356214705d7-744x1039.png,
,Fading Memories,180/298,Foil,Uncommon · Spell · Official Card Gallery,,0,https://cmsassets.rgpub.io/sanity/images/dsfx7636/game_data_live/a2b366942f1a7ec1f4bd3c1b17e10356214705d7-744x1039.png,
,Pack of Wonders,181/298,Regular,Uncommon · Gear · Official Card Gallery,,0,https://cmsassets.rgpub.io/sanity/images/dsfx7636/game_data_live/a0830f326c49abe7fb1d3c9787e7ce5d7b776eec-744x1039.png,
,Pack of Wonders,181/298,Foil,Uncommon · Gear · Official Card Gallery,,0,https://cmsassets.rgpub.io/sanity/images/dsfx7636/game_data_live/a0830f326c49abe7fb1d3c9787e7ce5d7b776eec-744x1039.png,
,Scrapheap,182/298,Regular,Uncommon · Gear · Official Card Gallery,,0,https://cmsassets.rgpub.io/sanity/images/dsfx7636/game_data_live/0c059786e89a2443221b7c0b8ca39779dcc9c755-744x1038.png,
,Scrapheap,182/298,Foil,Uncommon · Gear · Official Card Gallery,,0,https://cmsassets.rgpub.io/sanity/images/dsfx7636/game_data_live/0c059786e89a2443221b7c0b8ca39779dcc9c755-744x1038.png,
,Stacked Deck,183/298,Regular,Uncommon · Spell · Official Card Gallery,,0,https://cmsassets.rgpub.io/sanity/images/dsfx7636/game_data_live/fdcb22cb620a4c1c37920d6b744edb615647cbd4-744x1039.png,
,Stacked Deck,183/298,Foil,Uncommon · Spell · Official Card Gallery,,0,https://cmsassets.rgpub.io/sanity/images/dsfx7636/game_data_live/fdcb22cb620a4c1c37920d6b744edb615647cbd4-744x1039.png,
,The Syren,184/298,Regular,Uncommon · Gear · Official Card Gallery,,0,https://cmsassets.rgpub.io/sanity/images/dsfx7636/game_data_live/cafdd212b542243e10e5fac587616ab77e3d9cf1-744x1039.png,
,The Syren,184/298,Foil,Uncommon · Gear · Official Card Gallery,,0,https://cmsassets.rgpub.io/sanity/images/dsfx7636/game_data_live/cafdd212b542243e10e5fac587616ab77e3d9cf1-744x1039.png,
,Traveling Merchant,185/298,Regular,Uncommon · Unit · Official Card Gallery,,0,https://cmsassets.rgpub.io/sanity/images/dsfx7636/game_data_live/b7dbebe2bf5691391c8e4146e478b8bd2ac40aef-744x1039.png,
,Traveling Merchant,185/298,Foil,Uncommon · Unit · Official Card Gallery,,0,https://cmsassets.rgpub.io/sanity/images/dsfx7636/game_data_live/b7dbebe2bf5691391c8e4146e478b8bd2ac40aef-744x1039.png,
,Treasure Trove,186/298,Regular,Uncommon · Gear · Official Card Gallery,,0,https://cmsassets.rgpub.io/sanity/images/dsfx7636/game_data_live/682f5ee828ede4dbaf428cd0666db64ee8bae722-744x1039.png,
,Treasure Trove,186/298,Foil,Uncommon · Gear · Official Card Gallery,,0,https://cmsassets.rgpub.io/sanity/images/dsfx7636/game_data_live/682f5ee828ede4dbaf428cd0666db64ee8bae722-744x1039.png,
,Whirlwind,187/298,Regular,Uncommon · Spell · Official Card Gallery,,0,https://cmsassets.rgpub.io/sanity/images/dsfx7636/game_data_live/24f5e0a8811b5a0e0930c0f6476600e2a37a5f93-744x1039.png,
,Whirlwind,187/298,Foil,Uncommon · Spell · Official Card Gallery,,0,https://cmsassets.rgpub.io/sanity/images/dsfx7636/game_data_live/24f5e0a8811b5a0e0930c0f6476600e2a37a5f93-744x1039.png,
,Zaunite Bouncer,188/298,Regular,Uncommon · Unit · Official Card Gallery,,0,https://cmsassets.rgpub.io/sanity/images/dsfx7636/game_data_live/0f4e8258e3920e4a4654cfe74faf8c266f2aa5dd-744x1039.png,
,Zaunite Bouncer,188/298,Foil,Uncommon · Unit · Official Card Gallery,,0,https://cmsassets.rgpub.io/sanity/images/dsfx7636/game_data_live/0f4e8258e3920e4a4654cfe74faf8c266f2aa5dd-744x1039.png,
,"Kayn, Unleashed",189/298,Regular,Rare · Unit · Official Card Gallery,,0,https://cmsassets.rgpub.io/sanity/images/dsfx7636/game_data_live/a1ce0e784264748f170bebb3b26a09a7f55efe0f-744x1039.png,
,"Kog'Maw, Caustic",190/298,Regular,Rare · Unit · Official Card Gallery,,0,https://cmsassets.rgpub.io/sanity/images/dsfx7636/game_data_live/1ba2b780619714f2bf97597a180f3b118f4faf55-744x1039.png,
,Maddened Marauder,191/298,Regular,Rare · Unit · Official Card Gallery,,0,https://cmsassets.rgpub.io/sanity/images/dsfx7636/game_data_live/0f3a2ab8e5894e0dd1b625ee29f3304e7832ef9a-744x1039.png,
,Mindsplitter,192/298,Regular,Rare · Unit · Official Card Gallery,,0,https://cmsassets.rgpub.io/sanity/images/dsfx7636/game_data_live/8753058698cff6455da6cccd13a7fe901a164051-744x1039.png,
,"Miss Fortune, Buccaneer",193/298,Regular,Rare · Unit · Official Card Gallery,,0,https://cmsassets.rgpub.io/sanity/images/dsfx7636/game_data_live/e6ff9ad3d6e2b96ff76cda4c7bc75415c1cdcced-744x1039.png,
,"Miss Fortune, Buccaneer",193a/298,Alternate art,Showcase · Unit · Official Card Gallery,,0,https://cmsassets.rgpub.io/sanity/images/dsfx7636/game_data_live/8fde2eeb516af55b24467569aa982037f5b67b89-744x1039.png,
,"Nocturne, Horrifying",194/298,Regular,Rare · Unit · Official Card Gallery,,0,https://cmsassets.rgpub.io/sanity/images/dsfx7636/game_data_live/19a751364bc6eb5297596e8733d0d30a1111ac78-744x1039.png,
,Rhasa the Sunderer,195/298,Regular,Rare · Unit · Official Card Gallery,,0,https://cmsassets.rgpub.io/sanity/images/dsfx7636/game_data_live/e34fe8a9ee533dee99f96b4e6677d1edbd6a262d-744x1039.png,
,Soulgorger,196/298,Regular,Rare · Unit · Official Card Gallery,,0,https://cmsassets.rgpub.io/sanity/images/dsfx7636/game_data_live/439c4fa7c8c47cba41df8bce3fe3c8068d297382-744x1039.png,
,"Teemo, Scout",197a/298,Alternate art,Showcase · Unit · Official Card Gallery,,0,https://cmsassets.rgpub.io/sanity/images/dsfx7636/game_data_live/404a8aa0061b58611bd913b58dd01d99fdb8087d-744x1039.png,
,"Teemo, Scout",197/298,Regular,Rare · Unit · Official Card Gallery,,0,https://cmsassets.rgpub.io/sanity/images/dsfx7636/game_data_live/ca8a2e11dd78dd09ad1c9ad3a23e5699254b947e-744x1039.png,
,The Harrowing,198/298,Regular,Rare · Spell · Official Card Gallery,,0,https://cmsassets.rgpub.io/sanity/images/dsfx7636/game_data_live/6914034f56dd50ab37df26e3541c997479bb5a6d-744x1039.png,
,Tideturner,199/298,Regular,Rare · Unit · Official Card Gallery,,0,https://cmsassets.rgpub.io/sanity/images/dsfx7636/game_data_live/bad355dba8b32d1fba33dc3924cad6a34b61b5af-744x1039.png,
,"Twisted Fate, Gambler",200/298,Regular,Rare · Unit · Official Card Gallery,,0,https://cmsassets.rgpub.io/sanity/images/dsfx7636/game_data_live/9eff1a038528c4d633196f13259670d84b74c2a8-744x1039.png,
,Invert Timelines,201/298,Regular,Epic · Spell · Official Card Gallery,,0,https://cmsassets.rgpub.io/sanity/images/dsfx7636/game_data_live/b916326fdcf61af4630d953c7540a4aa97e6db01-744x1039.png,
,"Jinx, Rebel",202a/298,Alternate art,Showcase · Unit · Official Card Gallery,,0,https://cmsassets.rgpub.io/sanity/images/dsfx7636/game_data_live/da4c4f96081b4c0e151dba74a0ef6eae338478f0-744x1039.png,
,"Jinx, Rebel",202/298,Regular,Epic · Unit · Official Card Gallery,,0,https://cmsassets.rgpub.io/sanity/images/dsfx7636/game_data_live/a7fe105f40df66525be51bd18e25506945a7b027-744x1039.png,
,Possession,203/298,Regular,Epic · Spell · Official Card Gallery,,0,https://cmsassets.rgpub.io/sanity/images/dsfx7636/game_data_live/f26462174fd01407f25f7d49a70862d2b9af35cc-744x1039.png,
,Seal of Discord,204/298,Regular,Epic · Gear · Official Card Gallery,,0,https://cmsassets.rgpub.io/sanity/images/dsfx7636/game_data_live/dd8433e77e46ca77aaf0be35d1774218d9a2f037-744x1039.png,
,"Yasuo, Windrider",205/298,Regular,Epic · Unit · Official Card Gallery,,0,https://cmsassets.rgpub.io/sanity/images/dsfx7636/game_data_live/f5ba378ce4dad16d17e001814e091d5f484f2681-744x1039.png,
,"Yasuo, Windrider",205a/298,Alternate art,Showcase · Unit · Official Card Gallery,,0,https://cmsassets.rgpub.io/sanity/images/dsfx7636/game_data_live/35f7ca6802af48585af55d23cf7675a8922d8535-744x1039.png,
,Back to Back,206/298,Regular,Common · Spell · Official Card Gallery,,0,https://cmsassets.rgpub.io/sanity/images/dsfx7636/game_data_live/7f5585dcd3e9c7866e3b99cb169a0404ea4c010f-744x1039.png,
,Back to Back,206/298,Foil,Common · Spell · Official Card Gallery,,0,https://cmsassets.rgpub.io/sanity/images/dsfx7636/game_data_live/7f5585dcd3e9c7866e3b99cb169a0404ea4c010f-744x1039.png,
,Call to Glory,207/298,Regular,Common · Spell · Official Card Gallery,,0,https://cmsassets.rgpub.io/sanity/images/dsfx7636/game_data_live/ced53bc3fb15f263471067fc3868295b09e62a07-744x1039.png,
,Call to Glory,207/298,Foil,Common · Spell · Official Card Gallery,,0,https://cmsassets.rgpub.io/sanity/images/dsfx7636/game_data_live/ced53bc3fb15f263471067fc3868295b09e62a07-744x1039.png,
,Cruel Patron,208/298,Regular,Common · Unit · Official Card Gallery,,0,https://cmsassets.rgpub.io/sanity/images/dsfx7636/game_data_live/c1c2c08fa0032a245c1ffee6ba29fff2826bd468-744x1039.png,
,Cruel Patron,208/298,Foil,Common · Unit · Official Card Gallery,,0,https://cmsassets.rgpub.io/sanity/images/dsfx7636/game_data_live/c1c2c08fa0032a245c1ffee6ba29fff2826bd468-744x1039.png,
,Cull the Weak,209/298,Regular,Common · Spell · Official Card Gallery,,0,https://cmsassets.rgpub.io/sanity/images/dsfx7636/game_data_live/49338a4b31727c6ef50e7dbc54e7004dcd2b6f4c-744x1039.png,
,Cull the Weak,209/298,Foil,Common · Spell · Official Card Gallery,,0,https://cmsassets.rgpub.io/sanity/images/dsfx7636/game_data_live/49338a4b31727c6ef50e7dbc54e7004dcd2b6f4c-744x1039.png,
,Daring Poro,210/298,Regular,Common · Unit · Official Card Gallery,,0,https://cmsassets.rgpub.io/sanity/images/dsfx7636/game_data_live/41dee7ec46124c261352595cfbd8a6d38d32b947-744x1039.png,
,Daring Poro,210/298,Foil,Common · Unit · Official Card Gallery,,0,https://cmsassets.rgpub.io/sanity/images/dsfx7636/game_data_live/41dee7ec46124c261352595cfbd8a6d38d32b947-744x1039.png,
,Faithful Manufactor,211/298,Regular,Common · Unit · Official Card Gallery,,0,https://cmsassets.rgpub.io/sanity/images/dsfx7636/game_data_live/b41107b7456a2a38d203983b1e504e3789d6b6ea-744x1039.png,
,Faithful Manufactor,211/298,Foil,Common · Unit · Official Card Gallery,,0,https://cmsassets.rgpub.io/sanity/images/dsfx7636/game_data_live/b41107b7456a2a38d203983b1e504e3789d6b6ea-744x1039.png,
,Forge of the Future,212/298,Regular,Common · Gear · Official Card Gallery,,0,https://cmsassets.rgpub.io/sanity/images/dsfx7636/game_data_live/8e6a76d28590bcd835b0a9a1e806fe0fa6883141-744x1039.png,
,Forge of the Future,212/298,Foil,Common · Gear · Official Card Gallery,,0,https://cmsassets.rgpub.io/sanity/images/dsfx7636/game_data_live/8e6a76d28590bcd835b0a9a1e806fe0fa6883141-744x1039.png,
,Hidden Blade,213/298,Regular,Common · Spell · Official Card Gallery,,0,https://cmsassets.rgpub.io/sanity/images/dsfx7636/game_data_live/0437ab8a0b67f43ef5483a103bbae9e57fd05822-744x1039.png,
,Hidden Blade,213/298,Foil,Common · Spell · Official Card Gallery,,0,https://cmsassets.rgpub.io/sanity/images/dsfx7636/game_data_live/0437ab8a0b67f43ef5483a103bbae9e57fd05822-744x1039.png,
,Order Rune,214/298,Regular,Common · Rune · Official Card Gallery,,0,https://cmsassets.rgpub.io/sanity/images/dsfx7636/game_data_live/35ec6fdd2124324bb7052cba31c8c44f2e98f3ae-744x1039.png,
,Order Rune,214/298,Foil,Common · Rune · Official Card Gallery,,0,https://cmsassets.rgpub.io/sanity/images/dsfx7636/game_data_live/35ec6fdd2124324bb7052cba31c8c44f2e98f3ae-744x1039.png,
,Order Rune,214a/298,Alternate art,Showcase · Rune · Official Card Gallery,,0,https://cmsassets.rgpub.io/sanity/images/dsfx7636/game_data_live/0e4904221c3bbbfcfde1734bc414dbe97c67e295-1488x2078.png,
,Petty Officer,215/298,Regular,Common · Unit · Official Card Gallery,,0,https://cmsassets.rgpub.io/sanity/images/dsfx7636/game_data_live/29e062c4a38c0be12056568a2f8563557e2611c6-744x1039.png,
,Petty Officer,215/298,Foil,Common · Unit · Official Card Gallery,,0,https://cmsassets.rgpub.io/sanity/images/dsfx7636/game_data_live/29e062c4a38c0be12056568a2f8563557e2611c6-744x1039.png,
,Soaring Scout,216/298,Regular,Common · Unit · Official Card Gallery,,0,https://cmsassets.rgpub.io/sanity/images/dsfx7636/game_data_live/75b6ce420888035b566c3795cabe0999a9a918b0-744x1039.png,
,Soaring Scout,216/298,Foil,Common · Unit · Official Card Gallery,,0,https://cmsassets.rgpub.io/sanity/images/dsfx7636/game_data_live/75b6ce420888035b566c3795cabe0999a9a918b0-744x1039.png,
,Trifarian Gloryseeker,217/298,Regular,Common · Unit · Official Card Gallery,,0,https://cmsassets.rgpub.io/sanity/images/dsfx7636/game_data_live/19ad6a0e743b56021b9651a2105034a488e172e8-744x1039.png,
,Trifarian Gloryseeker,217/298,Foil,Common · Unit · Official Card Gallery,,0,https://cmsassets.rgpub.io/sanity/images/dsfx7636/game_data_live/19ad6a0e743b56021b9651a2105034a488e172e8-744x1039.png,
,Vanguard Captain,218/298,Regular,Common · Unit · Official Card Gallery,,0,https://cmsassets.rgpub.io/sanity/images/dsfx7636/game_data_live/f0c9ddb2af7a0d4991938cf1e3058eb0f5d2e357-744x1039.png,
,Vanguard Captain,218/298,Foil,Common · Unit · Official Card Gallery,,0,https://cmsassets.rgpub.io/sanity/images/dsfx7636/game_data_live/f0c9ddb2af7a0d4991938cf1e3058eb0f5d2e357-744x1039.png,
,Vanguard Sergeant,219/298,Regular,Common · Unit · Official Card Gallery,,0,https://cmsassets.rgpub.io/sanity/images/dsfx7636/game_data_live/6bcff5c718cfcff1c2466bf5e1a2a1ea9a9cf09b-744x1039.png,
,Vanguard Sergeant,219/298,Foil,Common · Unit · Official Card Gallery,,0,https://cmsassets.rgpub.io/sanity/images/dsfx7636/game_data_live/6bcff5c718cfcff1c2466bf5e1a2a1ea9a9cf09b-744x1039.png,
,Facebreaker,220/298,Regular,Uncommon · Spell · Official Card Gallery,,0,https://cmsassets.rgpub.io/sanity/images/dsfx7636/game_data_live/b7cddc717b886bb955b900ffaae4db9154a19280-744x1039.png,
,Facebreaker,220/298,Foil,Uncommon · Spell · Official Card Gallery,,0,https://cmsassets.rgpub.io/sanity/images/dsfx7636/game_data_live/b7cddc717b886bb955b900ffaae4db9154a19280-744x1039.png,
,Imperial Decree,221/298,Regular,Uncommon · Spell · Official Card Gallery,,0,https://cmsassets.rgpub.io/sanity/images/dsfx7636/game_data_live/fc6ab617f1ce20c82ed76dc6446d42d416c08b34-744x1039.png,
,Imperial Decree,221/298,Foil,Uncommon · Spell · Official Card Gallery,,0,https://cmsassets.rgpub.io/sanity/images/dsfx7636/game_data_live/fc6ab617f1ce20c82ed76dc6446d42d416c08b34-744x1039.png,
,Noxian Drummer,222/298,Regular,Uncommon · Unit · Official Card Gallery,,0,https://cmsassets.rgpub.io/sanity/images/dsfx7636/game_data_live/45a69adf92b6951c8c8fa974273c22aade312068-744x1039.png,
,Noxian Drummer,222/298,Foil,Uncommon · Unit · Official Card Gallery,,0,https://cmsassets.rgpub.io/sanity/images/dsfx7636/game_data_live/45a69adf92b6951c8c8fa974273c22aade312068-744x1039.png,
,Peak Guardian,223/298,Regular,Uncommon · Unit · Official Card Gallery,,0,https://cmsassets.rgpub.io/sanity/images/dsfx7636/game_data_live/bb56433bc032fd31a957923c43babc48b66db24c-744x1039.png,
,Peak Guardian,223/298,Foil,Uncommon · Unit · Official Card Gallery,,0,https://cmsassets.rgpub.io/sanity/images/dsfx7636/game_data_live/bb56433bc032fd31a957923c43babc48b66db24c-744x1039.png,
,Salvage,224/298,Regular,Uncommon · Spell · Official Card Gallery,,0,https://cmsassets.rgpub.io/sanity/images/dsfx7636/game_data_live/9bdbac358e7c9415c1354b6d1f6888dcf9c5519b-744x1039.png,
,Salvage,224/298,Foil,Uncommon · Spell · Official Card Gallery,,0,https://cmsassets.rgpub.io/sanity/images/dsfx7636/game_data_live/9bdbac358e7c9415c1354b6d1f6888dcf9c5519b-744x1039.png,
,Solari Chief,225/298,Regular,Uncommon · Unit · Official Card Gallery,,0,https://cmsassets.rgpub.io/sanity/images/dsfx7636/game_data_live/02fd791fdaa7d1c63221655e889fb412de103ca2-744x1039.png,
,Solari Chief,225/298,Foil,Uncommon · Unit · Official Card Gallery,,0,https://cmsassets.rgpub.io/sanity/images/dsfx7636/game_data_live/02fd791fdaa7d1c63221655e889fb412de103ca2-744x1039.png,
,Spectral Matron,226/298,Regular,Uncommon · Unit · Official Card Gallery,,0,https://cmsassets.rgpub.io/sanity/images/dsfx7636/game_data_live/c8aebd03c8722d485ebfc38774488778c756ff5c-744x1039.png,
,Spectral Matron,226/298,Foil,Uncommon · Unit · Official Card Gallery,,0,https://cmsassets.rgpub.io/sanity/images/dsfx7636/game_data_live/c8aebd03c8722d485ebfc38774488778c756ff5c-744x1039.png,
,Symbol of the Solari,227/298,Regular,Uncommon · Gear · Official Card Gallery,,0,https://cmsassets.rgpub.io/sanity/images/dsfx7636/game_data_live/d4f746c396df48623ef8a4df763b5deb47f59339-744x1039.png,
,Symbol of the Solari,227/298,Foil,Uncommon · Gear · Official Card Gallery,,0,https://cmsassets.rgpub.io/sanity/images/dsfx7636/game_data_live/d4f746c396df48623ef8a4df763b5deb47f59339-744x1039.png,
,Vanguard Helm,228/298,Regular,Uncommon · Gear · Official Card Gallery,,0,https://cmsassets.rgpub.io/sanity/images/dsfx7636/game_data_live/9718c666cbf789a572760c826d0a06b26b787ae5-744x1039.png,
,Vanguard Helm,228/298,Foil,Uncommon · Gear · Official Card Gallery,,0,https://cmsassets.rgpub.io/sanity/images/dsfx7636/game_data_live/9718c666cbf789a572760c826d0a06b26b787ae5-744x1039.png,
,Vengeance,229/298,Regular,Uncommon · Spell · Official Card Gallery,,0,https://cmsassets.rgpub.io/sanity/images/dsfx7636/game_data_live/a21e2ffee47ecdd1575bf48edb8c2a84722cc6b9-744x1039.png,
,Vengeance,229/298,Foil,Uncommon · Spell · Official Card Gallery,,0,https://cmsassets.rgpub.io/sanity/images/dsfx7636/game_data_live/a21e2ffee47ecdd1575bf48edb8c2a84722cc6b9-744x1039.png,
,Albus Ferros,230/298,Regular,Rare · Unit · Official Card Gallery,,0,https://cmsassets.rgpub.io/sanity/images/dsfx7636/game_data_live/ec0be8d2a79196b689fccf9ee42ce8baa7e9c35e-744x1039.png,
,Commander Ledros,231/298,Regular,Rare · Unit · Official Card Gallery,,0,https://cmsassets.rgpub.io/sanity/images/dsfx7636/game_data_live/1183be5effc6275f17da09b983feb36632752af4-744x1039.png,
,"Fiora, Victorious",232/298,Regular,Rare · Unit · Official Card Gallery,,0,https://cmsassets.rgpub.io/sanity/images/dsfx7636/game_data_live/24d4d1997e6a5b145412e402fc69399d590ecda0-744x1039.png,
,Grand Strategem,233/298,Regular,Rare · Spell · Official Card Gallery,,0,https://cmsassets.rgpub.io/sanity/images/dsfx7636/game_data_live/bda7514aefa94ac3f368690cdd2d0f955d44c089-744x1039.png,
,Harnessed Dragon,234/298,Regular,Rare · Unit · Official Card Gallery,,0,https://cmsassets.rgpub.io/sanity/images/dsfx7636/game_data_live/00bc15bc1c2f5b8e6d1713819998df1c04864dcb-744x1039.png,
,"Karma, Channeler",235/298,Regular,Rare · Unit · Official Card Gallery,,0,https://cmsassets.rgpub.io/sanity/images/dsfx7636/game_data_live/aca8664b334f2fa40cc7bae2811dd4e1b4f06388-744x1039.png,
,"Karthus, Eternal",236/298,Regular,Rare · Unit · Official Card Gallery,,0,https://cmsassets.rgpub.io/sanity/images/dsfx7636/game_data_live/df3497ce6a602da554813340f572240675c7f0e2-744x1039.png,
,King's Edict,237/298,Regular,Rare · Spell · Official Card Gallery,,0,https://cmsassets.rgpub.io/sanity/images/dsfx7636/game_data_live/ec1b8b98e1ca7a34939322883309c71605bb8bc5-744x1039.png,
,"Leona, Determined",238/298,Regular,Rare · Unit · Official Card Gallery,,0,https://cmsassets.rgpub.io/sanity/images/dsfx7636/game_data_live/39a1e121031cfb4bdb009b071ed5d70411966cd9-744x1039.png,
,"Leona, Determined",238a/298,Alternate art,Showcase · Unit · Official Card Gallery,,0,https://cmsassets.rgpub.io/sanity/images/dsfx7636/game_data_live/1ed0250f1d3bbbbde49b3ce1fc2e744e4da64baa-744x1039.png,
,Machine Evangel,239/298,Regular,Rare · Unit · Official Card Gallery,,0,https://cmsassets.rgpub.io/sanity/images/dsfx7636/game_data_live/ad15d4ff89548e83dcede9b209b12233652cf3a1-744x1039.png,
,"Sett, Kingpin",240a/298,Alternate art,Showcase · Unit · Official Card Gallery,,0,https://cmsassets.rgpub.io/sanity/images/dsfx7636/game_data_live/010bbd89c60c57dc508f6b22201d31bb188f84d6-744x1039.png,
,"Sett, Kingpin",240/298,Regular,Rare · Unit · Official Card Gallery,,0,https://cmsassets.rgpub.io/sanity/images/dsfx7636/game_data_live/bd43f1dcef824b66f1af994b59b961fc3705f9c3-744x1039.png,
,"Shen, Kinkou",241/298,Regular,Rare · Unit · Official Card Gallery,,0,https://cmsassets.rgpub.io/sanity/images/dsfx7636/game_data_live/25f3a9fa33201278ebf475b2d02dae8c0c0cb20c-744x1039.png,
,Baited Hook,242/298,Regular,Epic · Gear · Official Card Gallery,,0,https://cmsassets.rgpub.io/sanity/images/dsfx7636/game_data_live/7b4e6a1e32878a7d5fe4e40869c83e47ea08de7c-744x1039.png,
,"Darius, Executioner",243/298,Regular,Epic · Unit · Official Card Gallery,,0,https://cmsassets.rgpub.io/sanity/images/dsfx7636/game_data_live/7b71cf13a07074a6eccbe88ae6c74133d989cb68-744x1039.png,
,"Darius, Executioner",243a/298,Alternate art,Showcase · Unit · Official Card Gallery,,0,https://cmsassets.rgpub.io/sanity/images/dsfx7636/game_data_live/76a697f29d4fc3cd9a5e9a0ce79f229d26bc0c90-744x1039.png,
,Divine Judgment,244/298,Regular,Epic · Spell · Official Card Gallery,,0,https://cmsassets.rgpub.io/sanity/images/dsfx7636/game_data_live/995778eea2e24fdc62ade38c2baa25b9f1e6ab79-744x1039.png,
,Seal of Unity,245/298,Regular,Epic · Gear · Official Card Gallery,,0,https://cmsassets.rgpub.io/sanity/images/dsfx7636/game_data_live/e6fbd41d69bc0d235ea7993d2e9fa74e75e17dff-744x1039.png,
,"Viktor, Leader",246a/298,Alternate art,Showcase · Unit · Official Card Gallery,,0,https://cmsassets.rgpub.io/sanity/images/dsfx7636/game_data_live/19b66f8eccd6d6e9d41048f73e44660f1cf77068-744x1039.png,
,"Viktor, Leader",246/298,Regular,Epic · Unit · Official Card Gallery,,0,https://cmsassets.rgpub.io/sanity/images/dsfx7636/game_data_live/ab390d6d074c3f07abba000cc166faa1796ec464-744x1039.png,
,Daughter of the Void,247/298,Regular,Rare · Legend · Official Card Gallery,,0,https://cmsassets.rgpub.io/sanity/images/dsfx7636/game_data_live/a576472c7bb00f475882ac814e1d8f9be233b402-744x1040.png,
,Icathian Rain,248/298,Regular,Epic · Spell · Official Card Gallery,,0,https://cmsassets.rgpub.io/sanity/images/dsfx7636/game_data_live/8df37f633d3da734f3f2d85808a7cb9eadec1b04-744x1039.png,
,Relentless Storm,249/298,Regular,Rare · Legend · Official Card Gallery,,0,https://cmsassets.rgpub.io/sanity/images/dsfx7636/game_data_live/f1842ef373434db3e8109d8959832f9d184866c3-744x1040.png,
,Stormbringer,250/298,Regular,Epic · Spell · Official Card Gallery,,0,https://cmsassets.rgpub.io/sanity/images/dsfx7636/game_data_live/d86c4137cc7f77f103cd7d6228125df8cb9a54e1-744x1039.png,
,Loose Cannon,251/298,Regular,Rare · Legend · Official Card Gallery,,1,https://cmsassets.rgpub.io/sanity/images/dsfx7636/game_data_live/f57c14381b126e9f5a7b5bc4913151cb24c14fc3-744x1039.png,
,Super Mega Death Rocket!,252/298,Regular,Epic · Spell · Official Card Gallery,,0,https://cmsassets.rgpub.io/sanity/images/dsfx7636/game_data_live/95d6fd4d7944e759cfe7ee5e208fa329b719333b-744x1039.png,
,Hand of Noxus,253/298,Regular,Rare · Legend · Official Card Gallery,,0,https://cmsassets.rgpub.io/sanity/images/dsfx7636/game_data_live/5b9a904048b7fb936377844ec2d31564b7fedf81-744x1039.png,
,Noxian Guillotine,254/298,Regular,Epic · Spell · Official Card Gallery,,0,https://cmsassets.rgpub.io/sanity/images/dsfx7636/game_data_live/57f646b0393b58b657cfabf66357d9fc4a34e046-744x1039.png,
,Nine-Tailed Fox,255/298,Regular,Rare · Legend · Official Card Gallery,,1,https://cmsassets.rgpub.io/sanity/images/dsfx7636/game_data_live/fbce641f5e4d8cdf2956e8ead5884b6cd3ccd90d-744x1040.png,
,Fox-Fire,256/298,Regular,Epic · Spell · Official Card Gallery,,0,https://cmsassets.rgpub.io/sanity/images/dsfx7636/game_data_live/7ad9d6a46a1c54080d54950a0044da3a82e32b45-744x1039.png,
,Blind Monk,257/298,Regular,Rare · Legend · Official Card Gallery,,0,https://cmsassets.rgpub.io/sanity/images/dsfx7636/game_data_live/ffe064e002d3b9a366748eb85102a769b2545835-744x1039.png,
,Dragon's Rage,258/298,Regular,Epic · Spell · Official Card Gallery,,0,https://cmsassets.rgpub.io/sanity/images/dsfx7636/game_data_live/7f4cbd4fb340cc13b3fbe0ec0db706464d9b29f4-744x1039.png,
,Unforgiven,259/298,Regular,Rare · Legend · Official Card Gallery,,0,https://cmsassets.rgpub.io/sanity/images/dsfx7636/game_data_live/68e4d3230b785738ae9d86f780f7f5607ef11807-744x1040.png,
,Last Breath,260/298,Regular,Epic · Spell · Official Card Gallery,,0,https://cmsassets.rgpub.io/sanity/images/dsfx7636/game_data_live/e7e6dc840210124825f787095541a66ae5cea178-744x1039.png,
,Radiant Dawn,261/298,Regular,Rare · Legend · Official Card Gallery,,0,https://cmsassets.rgpub.io/sanity/images/dsfx7636/game_data_live/822b8bc7987a47498550708b18ef166b121fd620-744x1039.png,
,Zenith Blade,262/298,Regular,Epic · Spell · Official Card Gallery,,0,https://cmsassets.rgpub.io/sanity/images/dsfx7636/game_data_live/a572f0bc3ed1bd47c5759d36f5b951b15338e57e-744x1039.png,
,Swift Scout,263/298,Regular,Rare · Legend · Official Card Gallery,,1,https://cmsassets.rgpub.io/sanity/images/dsfx7636/game_data_live/9723181e3392bb61c2aabc804a44f7b0558cedf1-744x1039.png,
,Guerilla Warfare,264/298,Regular,Epic · Spell · Official Card Gallery,,0,https://cmsassets.rgpub.io/sanity/images/dsfx7636/game_data_live/3a1f70e49f1fdbac907a3395f517e96717e8afea-744x1039.png,
,Herald of the Arcane,265/298,Regular,Rare · Legend · Official Card Gallery,,0,https://cmsassets.rgpub.io/sanity/images/dsfx7636/game_data_live/913236dabf1e4f71650bbba46870fff8163e2eff-744x1039.png,
,Siphon Power,266/298,Regular,Epic · Spell · Official Card Gallery,,0,https://cmsassets.rgpub.io/sanity/images/dsfx7636/game_data_live/b449170ba312711c82708d1fea2b044822ce5eaa-744x1039.png,
,Bounty Hunter,267/298,Regular,Rare · Legend · Official Card Gallery,,0,https://cmsassets.rgpub.io/sanity/images/dsfx7636/game_data_live/cc11261fcdbf0851525030bd9e835b718efad3bc-744x1040.png,
,Bullet Time,268/298,Regular,Epic · Spell · Official Card Gallery,,0,https://cmsassets.rgpub.io/sanity/images/dsfx7636/game_data_live/96ed7f6b121a7f46003534393350838efe2776f0-744x1039.png,
,The Boss,269/298,Regular,Rare · Legend · Official Card Gallery,,0,https://cmsassets.rgpub.io/sanity/images/dsfx7636/game_data_live/b132becb843b2cf418cb110ead64758f49f51554-744x1039.png,
,Showstopper,270/298,Regular,Epic · Spell · Official Card Gallery,,0,https://cmsassets.rgpub.io/sanity/images/dsfx7636/game_data_live/c9b6f7a7cca1589fb53276f74ac8bc547b31e5ec-744x1039.png,
,Recruit (DE),271/298,Regular,Common · Unit · Official Card Gallery,,0,https://cmsassets.rgpub.io/sanity/images/dsfx7636/game_data_live/7c3362dc6e6e6fb724ef31b061a44d2976f5b01f-744x1039.png,
,Recruit (DE),271/298,Foil,Common · Unit · Official Card Gallery,,0,https://cmsassets.rgpub.io/sanity/images/dsfx7636/game_data_live/7c3362dc6e6e6fb724ef31b061a44d2976f5b01f-744x1039.png,
,Recruit (NX),272/298,Regular,Common · Unit · Official Card Gallery,,0,https://cmsassets.rgpub.io/sanity/images/dsfx7636/game_data_live/c168ca334739090a060710dfc440982c3462ac8c-744x1039.png,
,Recruit (NX),272/298,Foil,Common · Unit · Official Card Gallery,,0,https://cmsassets.rgpub.io/sanity/images/dsfx7636/game_data_live/c168ca334739090a060710dfc440982c3462ac8c-744x1039.png,
,Recruit (ZN),273/298,Regular,Common · Unit · Official Card Gallery,,0,https://cmsassets.rgpub.io/sanity/images/dsfx7636/game_data_live/d93ec9a524a2989b9d7ef23c6fc02e8ce39959c2-744x1039.png,
,Recruit (ZN),273/298,Foil,Common · Unit · Official Card Gallery,,0,https://cmsassets.rgpub.io/sanity/images/dsfx7636/game_data_live/d93ec9a524a2989b9d7ef23c6fc02e8ce39959c2-744x1039.png,
,Sprite,274/298,Regular,Common · Unit · Official Card Gallery,,0,https://cmsassets.rgpub.io/sanity/images/dsfx7636/game_data_live/055892752559d2d3d32e76f491a7a0b540e1a669-744x1039.png,
,Sprite,274/298,Foil,Common · Unit · Official Card Gallery,,0,https://cmsassets.rgpub.io/sanity/images/dsfx7636/game_data_live/055892752559d2d3d32e76f491a7a0b540e1a669-744x1039.png,
,Altar to Unity,275/298,Regular,Uncommon · Battlefield · Official Card Gallery,,0,https://cmsassets.rgpub.io/sanity/images/dsfx7636/game_data_live/2392529560dc9af72596c6fc65b4c0356bbc44d1-1038x744.png,
,Altar to Unity,275/298,Foil,Uncommon · Battlefield · Official Card Gallery,,0,https://cmsassets.rgpub.io/sanity/images/dsfx7636/game_data_live/2392529560dc9af72596c6fc65b4c0356bbc44d1-1038x744.png,
,Aspirant's Climb,276/298,Regular,Uncommon · Battlefield · Official Card Gallery,,0,https://cmsassets.rgpub.io/sanity/images/dsfx7636/game_data_live/9301593f3800e68427469d38181b578a672473c3-1038x744.png,
,Aspirant's Climb,276/298,Foil,Uncommon · Battlefield · Official Card Gallery,,0,https://cmsassets.rgpub.io/sanity/images/dsfx7636/game_data_live/9301593f3800e68427469d38181b578a672473c3-1038x744.png,
,Back-Alley Bar,277/298,Regular,Uncommon · Battlefield · Official Card Gallery,,0,https://cmsassets.rgpub.io/sanity/images/dsfx7636/game_data_live/3e9f659a32e390b45bc87a01bdd6af4a8a3565f7-1038x744.png,
,Back-Alley Bar,277/298,Foil,Uncommon · Battlefield · Official Card Gallery,,0,https://cmsassets.rgpub.io/sanity/images/dsfx7636/game_data_live/3e9f659a32e390b45bc87a01bdd6af4a8a3565f7-1038x744.png,
,Bandle Tree,278/298,Regular,Uncommon · Battlefield · Official Card Gallery,,0,https://cmsassets.rgpub.io/sanity/images/dsfx7636/game_data_live/538f93a34006c4afaddb890cbc75b4db222f1783-1038x744.png,
,Bandle Tree,278/298,Foil,Uncommon · Battlefield · Official Card Gallery,,0,https://cmsassets.rgpub.io/sanity/images/dsfx7636/game_data_live/538f93a34006c4afaddb890cbc75b4db222f1783-1038x744.png,
,Fortified Position,279/298,Regular,Uncommon · Battlefield · Official Card Gallery,,0,https://cmsassets.rgpub.io/sanity/images/dsfx7636/game_data_live/45363bbd907f4f3717868cb04b3cfed814b3bb32-1038x744.png,
,Fortified Position,279/298,Foil,Uncommon · Battlefield · Official Card Gallery,,0,https://cmsassets.rgpub.io/sanity/images/dsfx7636/game_data_live/45363bbd907f4f3717868cb04b3cfed814b3bb32-1038x744.png,
,Grove of the God-Willow,280/298,Regular,Uncommon · Battlefield · Official Card Gallery,,0,https://cmsassets.rgpub.io/sanity/images/dsfx7636/game_data_live/1574863000ab23d69cbd388a32b1a09f29f78d5f-1038x744.png,
,Grove of the God-Willow,280/298,Foil,Uncommon · Battlefield · Official Card Gallery,,0,https://cmsassets.rgpub.io/sanity/images/dsfx7636/game_data_live/1574863000ab23d69cbd388a32b1a09f29f78d5f-1038x744.png,
,Hallowed Tomb,281/298,Regular,Uncommon · Battlefield · Official Card Gallery,,0,https://cmsassets.rgpub.io/sanity/images/dsfx7636/game_data_live/3e37a8cafd836680f82c31894de7f84818ebd952-1038x744.png,
,Hallowed Tomb,281/298,Foil,Uncommon · Battlefield · Official Card Gallery,,0,https://cmsassets.rgpub.io/sanity/images/dsfx7636/game_data_live/3e37a8cafd836680f82c31894de7f84818ebd952-1038x744.png,
,Monastery of Hirana,282/298,Regular,Uncommon · Battlefield · Official Card Gallery,,0,https://cmsassets.rgpub.io/sanity/images/dsfx7636/game_data_live/8767d9ed30e2873d3fa1045f973be229da56175d-1038x744.png,
,Monastery of Hirana,282/298,Foil,Uncommon · Battlefield · Official Card Gallery,,0,https://cmsassets.rgpub.io/sanity/images/dsfx7636/game_data_live/8767d9ed30e2873d3fa1045f973be229da56175d-1038x744.png,
,Navori Fighting Pit,283/298,Regular,Uncommon · Battlefield · Official Card Gallery,,0,https://cmsassets.rgpub.io/sanity/images/dsfx7636/game_data_live/c03ed3ddf8b764963e4b0745e86a12a5ebcef2a3-1038x744.png,
,Navori Fighting Pit,283/298,Foil,Uncommon · Battlefield · Official Card Gallery,,0,https://cmsassets.rgpub.io/sanity/images/dsfx7636/game_data_live/c03ed3ddf8b764963e4b0745e86a12a5ebcef2a3-1038x744.png,
,Obelisk of Power,284/298,Regular,Uncommon · Battlefield · Official Card Gallery,,0,https://cmsassets.rgpub.io/sanity/images/dsfx7636/game_data_live/0ef4890cdc3145616fcf41290a13c63b1afe4e0d-1038x744.png,
,Obelisk of Power,284/298,Foil,Uncommon · Battlefield · Official Card Gallery,,0,https://cmsassets.rgpub.io/sanity/images/dsfx7636/game_data_live/0ef4890cdc3145616fcf41290a13c63b1afe4e0d-1038x744.png,
,Reaver's Row,285/298,Regular,Uncommon · Battlefield · Official Card Gallery,,0,https://cmsassets.rgpub.io/sanity/images/dsfx7636/game_data_live/7d99fe84c9b815463198b5dbad694759940cac12-1038x744.png,
,Reaver's Row,285/298,Foil,Uncommon · Battlefield · Official Card Gallery,,0,https://cmsassets.rgpub.io/sanity/images/dsfx7636/game_data_live/7d99fe84c9b815463198b5dbad694759940cac12-1038x744.png,
,Reckoner's Arena,286/298,Regular,Uncommon · Battlefield · Official Card Gallery,,0,https://cmsassets.rgpub.io/sanity/images/dsfx7636/game_data_live/6b7d867487efcbefa8c3d67043a839497ec50388-1038x744.png,
,Reckoner's Arena,286/298,Foil,Uncommon · Battlefield · Official Card Gallery,,0,https://cmsassets.rgpub.io/sanity/images/dsfx7636/game_data_live/6b7d867487efcbefa8c3d67043a839497ec50388-1038x744.png,
,Sigil of the Storm,287/298,Regular,Uncommon · Battlefield · Official Card Gallery,,0,https://cmsassets.rgpub.io/sanity/images/dsfx7636/game_data_live/9b795e7a2af421aabc01dc6f35c0b5d547fe3c0e-1038x744.png,
,Sigil of the Storm,287/298,Foil,Uncommon · Battlefield · Official Card Gallery,,0,https://cmsassets.rgpub.io/sanity/images/dsfx7636/game_data_live/9b795e7a2af421aabc01dc6f35c0b5d547fe3c0e-1038x744.png,
,Startipped Peak,288/298,Regular,Uncommon · Battlefield · Official Card Gallery,,0,https://cmsassets.rgpub.io/sanity/images/dsfx7636/game_data_live/05adde1d8ab40e2a2f832a89ac5c9174ee78796f-1038x744.png,
,Startipped Peak,288/298,Foil,Uncommon · Battlefield · Official Card Gallery,,0,https://cmsassets.rgpub.io/sanity/images/dsfx7636/game_data_live/05adde1d8ab40e2a2f832a89ac5c9174ee78796f-1038x744.png,
,Targon's Peak,289/298,Regular,Uncommon · Battlefield · Official Card Gallery,,0,https://cmsassets.rgpub.io/sanity/images/dsfx7636/game_data_live/6ff1b34ad231645910f670496e1662de0b545a44-1038x744.png,
,Targon's Peak,289/298,Foil,Uncommon · Battlefield · Official Card Gallery,,0,https://cmsassets.rgpub.io/sanity/images/dsfx7636/game_data_live/6ff1b34ad231645910f670496e1662de0b545a44-1038x744.png,
,The Arena's Greatest,290/298,Regular,Uncommon · Battlefield · Official Card Gallery,,0,https://cmsassets.rgpub.io/sanity/images/dsfx7636/game_data_live/2afd8bdfdd42b1595af0746a6c6b92879ac770d6-1038x744.png,
,The Arena's Greatest,290/298,Foil,Uncommon · Battlefield · Official Card Gallery,,0,https://cmsassets.rgpub.io/sanity/images/dsfx7636/game_data_live/2afd8bdfdd42b1595af0746a6c6b92879ac770d6-1038x744.png,
,The Candlelit Sanctum,291/298,Regular,Uncommon · Battlefield · Official Card Gallery,,0,https://cmsassets.rgpub.io/sanity/images/dsfx7636/game_data_live/f14fe78f2b7f3909eadb07bce24bd582e190653d-1038x744.png,
,The Candlelit Sanctum,291/298,Foil,Uncommon · Battlefield · Official Card Gallery,,0,https://cmsassets.rgpub.io/sanity/images/dsfx7636/game_data_live/f14fe78f2b7f3909eadb07bce24bd582e190653d-1038x744.png,
,The Dreaming Tree,292/298,Regular,Uncommon · Battlefield · Official Card Gallery,,0,https://cmsassets.rgpub.io/sanity/images/dsfx7636/game_data_live/f382c2c2442959f2a8905de2be7d202458918a04-1040x744.png,
,The Dreaming Tree,292/298,Foil,Uncommon · Battlefield · Official Card Gallery,,0,https://cmsassets.rgpub.io/sanity/images/dsfx7636/game_data_live/f382c2c2442959f2a8905de2be7d202458918a04-1040x744.png,
,The Grand Plaza,293/298,Regular,Uncommon · Battlefield · Official Card Gallery,,0,https://cmsassets.rgpub.io/sanity/images/dsfx7636/game_data_live/f9ca8d04cb269ad99bca7e6dae874cad1bec336a-1038x744.png,
,The Grand Plaza,293/298,Foil,Uncommon · Battlefield · Official Card Gallery,,0,https://cmsassets.rgpub.io/sanity/images/dsfx7636/game_data_live/f9ca8d04cb269ad99bca7e6dae874cad1bec336a-1038x744.png,
,Trifarian War Camp,294/298,Regular,Uncommon · Battlefield · Official Card Gallery,,0,https://cmsassets.rgpub.io/sanity/images/dsfx7636/game_data_live/3788cf718e716e35a7fa20ec1dc56991644e6484-1038x744.png,
,Trifarian War Camp,294/298,Foil,Uncommon · Battlefield · Official Card Gallery,,0,https://cmsassets.rgpub.io/sanity/images/dsfx7636/game_data_live/3788cf718e716e35a7fa20ec1dc56991644e6484-1038x744.png,
,Vilemaw's Lair,295/298,Regular,Uncommon · Battlefield · Official Card Gallery,,0,https://cmsassets.rgpub.io/sanity/images/dsfx7636/game_data_live/f374b90a0bec11a5f423e7d4ebd869ab1a146471-1038x744.png,
,Vilemaw's Lair,295/298,Foil,Uncommon · Battlefield · Official Card Gallery,,0,https://cmsassets.rgpub.io/sanity/images/dsfx7636/game_data_live/f374b90a0bec11a5f423e7d4ebd869ab1a146471-1038x744.png,
,Void Gate,296/298,Regular,Uncommon · Battlefield · Official Card Gallery,,0,https://cmsassets.rgpub.io/sanity/images/dsfx7636/game_data_live/14a52a367fd41fd84745e050e62d1f281f733467-1038x744.png,
,Void Gate,296/298,Foil,Uncommon · Battlefield · Official Card Gallery,,0,https://cmsassets.rgpub.io/sanity/images/dsfx7636/game_data_live/14a52a367fd41fd84745e050e62d1f281f733467-1038x744.png,
,Windswept Hillock,297/298,Regular,Uncommon · Battlefield · Official Card Gallery,,0,https://cmsassets.rgpub.io/sanity/images/dsfx7636/game_data_live/aba557a4053fd76c6aa95b2b907ec682bad70d9f-1038x744.png,
,Windswept Hillock,297/298,Foil,Uncommon · Battlefield · Official Card Gallery,,0,https://cmsassets.rgpub.io/sanity/images/dsfx7636/game_data_live/aba557a4053fd76c6aa95b2b907ec682bad70d9f-1038x744.png,
,Zaun Warrens,298/298,Regular,Uncommon · Battlefield · Official Card Gallery,,0,https://cmsassets.rgpub.io/sanity/images/dsfx7636/game_data_live/458ee40086c77b43b98c2decbaf33a4aa2359bb9-1038x744.png,
,Zaun Warrens,298/298,Foil,Uncommon · Battlefield · Official Card Gallery,,0,https://cmsassets.rgpub.io/sanity/images/dsfx7636/game_data_live/458ee40086c77b43b98c2decbaf33a4aa2359bb9-1038x744.png,
,Daughter of the Void,299/298,Overnumbered,Showcase · Legend · Official Card Gallery,,0,https://cmsassets.rgpub.io/sanity/images/dsfx7636/game_data_live/57e13462b8fea9a5cfa1b424d3ad3005f37b00ad-1488x2078.png,
,Daughter of the Void,299*/298,Signature overnumbered,Showcase · Legend · Official Card Gallery,,0,https://cmsassets.rgpub.io/sanity/images/dsfx7636/game_data_live/ae8e68af43400f61f7391c0a6ee339fd718a7540-1488x2078.png,
,Relentless Storm,300/298,Overnumbered,Showcase · Legend · Official Card Gallery,,0,https://cmsassets.rgpub.io/sanity/images/dsfx7636/game_data_live/34aa11c88735be28266dbc61486a557454fd6b4c-1488x2078.png,
,Relentless Storm,300*/298,Signature overnumbered,Showcase · Legend · Official Card Gallery,,0,https://cmsassets.rgpub.io/sanity/images/dsfx7636/game_data_live/d5a629ce373a6add09bfacc4b584e509c6332334-1488x2078.png,
,Loose Cannon,301/298,Overnumbered,Showcase · Legend · Official Card Gallery,,0,https://cmsassets.rgpub.io/sanity/images/dsfx7636/game_data_live/8a7dbbed04133926e58843f1d586f51178ef2ebd-1488x2078.png,
,Loose Cannon,301*/298,Signature overnumbered,Showcase · Legend · Official Card Gallery,,0,https://cmsassets.rgpub.io/sanity/images/dsfx7636/game_data_live/30bed82f66ce9e4eae260d029d92c9d8cb1588ab-1488x2078.png,
,Hand of Noxus,302*/298,Signature overnumbered,Showcase · Legend · Official Card Gallery,,0,https://cmsassets.rgpub.io/sanity/images/dsfx7636/game_data_live/31f3c975c6f5693f6567b0ebdb66bd4dd92d730b-744x1039.png,
,Hand of Noxus,302/298,Overnumbered,Showcase · Legend · Official Card Gallery,,0,https://cmsassets.rgpub.io/sanity/images/dsfx7636/game_data_live/37d43efe09ccfe5d72ce37fdc27599bd5ef736af-1488x2078.png,
,Nine-Tailed Fox,303*/298,Signature overnumbered,Showcase · Legend · Official Card Gallery,,0,https://cmsassets.rgpub.io/sanity/images/dsfx7636/game_data_live/e5fe571a8f09c0a9e76345ec32b446480f54617c-1488x2078.png,
,Nine-Tailed Fox,303/298,Overnumbered,Showcase · Legend · Official Card Gallery,,0,https://cmsassets.rgpub.io/sanity/images/dsfx7636/game_data_live/dc89c6a2415debd5bf504ed46843f5dcc1d9b815-1488x2078.png,
,Blind Monk,304*/298,Signature overnumbered,Showcase · Legend · Official Card Gallery,,0,https://cmsassets.rgpub.io/sanity/images/dsfx7636/game_data_live/b4dfd543b1cfcdefba4568fe78146e0d6e46add7-1488x2078.png,
,Blind Monk,304/298,Overnumbered,Showcase · Legend · Official Card Gallery,,0,https://cmsassets.rgpub.io/sanity/images/dsfx7636/game_data_live/fb6316c39ad2a00d65f4b6cc823cbdd61cadda3b-1488x2078.png,
,Unforgiven,305*/298,Signature overnumbered,Showcase · Legend · Official Card Gallery,,0,https://cmsassets.rgpub.io/sanity/images/dsfx7636/game_data_live/6a06599a299b15175984c1e38d27a3be21258fbe-1488x2078.png,
,Unforgiven,305/298,Overnumbered,Showcase · Legend · Official Card Gallery,,0,https://cmsassets.rgpub.io/sanity/images/dsfx7636/game_data_live/2c804ec513085702763a9145fac93a8adb6c4783-1488x2078.png,
,Radiant Dawn,306/298,Overnumbered,Showcase · Legend · Official Card Gallery,,0,https://cmsassets.rgpub.io/sanity/images/dsfx7636/game_data_live/496d173b74d036a9e28ca1b4383551be0148f13d-1488x2078.png,
,Radiant Dawn,306*/298,Signature overnumbered,Showcase · Legend · Official Card Gallery,,0,https://cmsassets.rgpub.io/sanity/images/dsfx7636/game_data_live/bd526a0f9177aaa9ec575add7d02e72b46520070-744x1039.png,
,Swift Scout,307*/298,Signature overnumbered,Showcase · Legend · Official Card Gallery,,0,https://cmsassets.rgpub.io/sanity/images/dsfx7636/game_data_live/4fd9e82cbd96010e2556430970d433022b541a51-1488x2078.png,
,Swift Scout,307/298,Overnumbered,Showcase · Legend · Official Card Gallery,,0,https://cmsassets.rgpub.io/sanity/images/dsfx7636/game_data_live/e2fbf10efaddbabe9241bd2c7b4d059accd1d5a7-1488x2078.png,
,Herald of the Arcane,308*/298,Signature overnumbered,Showcase · Legend · Official Card Gallery,,0,https://cmsassets.rgpub.io/sanity/images/dsfx7636/game_data_live/e345a5fc347e6a5835f2afa33492058fdbfcb169-744x1039.png,
,Herald of the Arcane,308/298,Overnumbered,Showcase · Legend · Official Card Gallery,,0,https://cmsassets.rgpub.io/sanity/images/dsfx7636/game_data_live/a39902058db800a4318f3333dddb8a62a8751d7c-1488x2078.png,
,Bounty Hunter,309/298,Overnumbered,Showcase · Legend · Official Card Gallery,,0,https://cmsassets.rgpub.io/sanity/images/dsfx7636/game_data_live/f4b7f334f442d30ccea4743c641760c5533804b4-1488x2078.png,
,Bounty Hunter,309*/298,Signature overnumbered,Showcase · Legend · Official Card Gallery,,0,https://cmsassets.rgpub.io/sanity/images/dsfx7636/game_data_live/37153cce7f58b2fceb28ea9ff91deb0411f849e2-1488x2078.png,
,The Boss,310*/298,Signature overnumbered,Showcase · Legend · Official Card Gallery,,0,https://cmsassets.rgpub.io/sanity/images/dsfx7636/game_data_live/6e8efcd343dfd37d9d108243a86c2a5a6412f698-744x1039.png,
,The Boss,310/298,Overnumbered,Showcase · Legend · Official Card Gallery,,0,https://cmsassets.rgpub.io/sanity/images/dsfx7636/game_data_live/af042a5ee9ca9cca47b6f9736b33aaa599353516-1488x2078.png,
